1600 0 12 0           
3 SDE 19 ACIS 30.0.1 Unknown 24 Tue Jul 21 17:43:07 2026 
1 9.9999999999999995e-07 1e-10 
wcs $12 -1 1 0 0 0 1 0 0 0 1 0 0 0 1 no_rotate no_reflect no_shear #
wcs $13 -1 0 1 0 0 0 1 1 0 0 0 0 0 1 rotate no_reflect no_shear #
wcs $14 -1 1 0 0 -0 0 1 0 -1 0 0 0 0 1 rotate no_reflect no_shear #
eye_refinement $15 -1 @5 grid  3 @3 tri 1 @4 surf 0 @3 adj 0 @4 grad 0 @9 postcheck 0 @4 stol 0 @4 ntol 15 @4 dsil 0 @8 flatness 0 @7 pixarea 0 @4 hmax 0 @6 gridar 0 @5 mgrid 2048 @5 ugrid 0 @5 vgrid 0 @10 end_fields #
body $16 -1 -1 $-1 $17 $-1 $-1 T 0 -0.050000000000000003 -0.050000000000000003 0.059999999999999998 0.050000000000000003 0 #
body $18 -1 -1 $-1 $19 $-1 $-1 T 0 -0.0050000000000000001 0 0.059999999999999998 0.0050000000000000001 0.029999999999999999 #
body $20 -1 -1 $-1 $21 $-1 $-1 T 0.019999999999999997 -0.0060000000000000001 0 0.040000000000000001 0.0060000000000000001 0.031 #
body $22 -1 -1 $-1 $23 $-1 $-1 T 0.019999999999999997 -0.0070000000000000001 0 0.040000000000000001 0.0070000000000000001 0.032000000000000001 #
body $24 -1 -1 $-1 $25 $-1 $-1 T 0.019999999999999997 -0.01 0 0.040000000000000001 0.01 0.035000000000000003 #
body $26 -1 -1 $-1 $27 $-1 $-1 T 0.019999999999999997 -0.02 0 0.040000000000000001 0.02 0.045000000000000005 #
body $28 -1 -1 $-1 $29 $-1 $30 T -0.01 -0.050000000000000003 -0.014999999999999999 0.01 0.050000000000000003 0.014999999999999999 #
body $31 -1 -1 $-1 $32 $-1 $33 T -0.0099999999999999985 -0.050000000000000003 -0.014999999999999999 0.0099999999999999985 0.050000000000000003 0.014999999999999999 #
entity_attrib-name_attrib-gen-attrib $-1 -1 $-1 $-1 $0 2 1 1 2 1 1 1 1 1 1 1 1 0 1 0 1 1 1 @4 base $0 #
entity_attrib-name_attrib-gen-attrib $-1 -1 $-1 $-1 $1 2 1 1 2 1 1 1 1 1 1 1 1 0 1 0 1 1 1 @5 wp_yz $0 #
entity_attrib-name_attrib-gen-attrib $-1 -1 $-1 $-1 $2 2 1 1 2 1 1 1 1 1 1 1 1 0 1 0 1 1 1 @5 wp_xz $0 #
name_attrib-gen-attrib $-1 -1 $-1 $-1 $3 2 1 1 1 1 1 1 1 1 1 1 1 1 1 0 1 1 1 @7 sde-ref #
string_attrib-name_attrib-gen-attrib $-1 -1 $34 $-1 $4 2 1 2 1 1 1 1 1 1 1 1 1 1 1 0 1 1 1 @12 transmission @5 black #
lump $-1 -1 -1 $-1 $-1 $35 $4 T 0 -0.050000000000000003 -0.050000000000000003 0.059999999999999998 0.050000000000000003 0 #
string_attrib-name_attrib-gen-attrib $-1 -1 $36 $-1 $5 2 1 2 1 1 1 1 1 1 1 1 1 1 1 0 1 1 1 @12 transmission @5 black #
lump $-1 -1 -1 $-1 $-1 $37 $5 T 0 -0.0050000000000000001 0 0.059999999999999998 0.0050000000000000001 0.029999999999999999 #
string_attrib-name_attrib-gen-attrib $-1 -1 $38 $-1 $6 2 1 2 1 1 1 1 1 1 1 1 1 1 1 0 1 1 1 @12 transmission @5 black #
lump $-1 -1 -1 $-1 $-1 $39 $6 T 0.019999999999999997 -0.0060000000000000001 0 0.040000000000000001 0.0060000000000000001 0.031 #
string_attrib-name_attrib-gen-attrib $-1 -1 $40 $-1 $7 2 1 2 1 1 1 1 1 1 1 1 1 1 1 0 1 1 1 @12 transmission @5 black #
lump $-1 -1 -1 $-1 $-1 $41 $7 T 0.019999999999999997 -0.0070000000000000001 0 0.040000000000000001 0.0070000000000000001 0.032000000000000001 #
string_attrib-name_attrib-gen-attrib $-1 -1 $42 $-1 $8 2 1 2 1 1 1 1 1 1 1 1 1 1 1 0 1 1 1 @12 transmission @5 black #
lump $-1 -1 -1 $-1 $-1 $43 $8 T 0.019999999999999997 -0.01 0 0.040000000000000001 0.01 0.035000000000000003 #
string_attrib-name_attrib-gen-attrib $-1 -1 $44 $-1 $9 2 1 2 1 1 1 1 1 1 1 1 1 1 1 0 1 1 1 @12 transmission @5 black #
lump $-1 -1 -1 $-1 $-1 $45 $9 T 0.019999999999999997 -0.02 0 0.040000000000000001 0.02 0.045000000000000005 #
string_attrib-name_attrib-gen-attrib $-1 -1 $46 $-1 $10 2 1 2 1 1 1 1 1 1 1 1 1 1 1 0 1 1 1 @3 DRS @10 Win.Source #
lump $-1 -1 -1 $-1 $-1 $47 $10 T -0.01 -0.050000000000000003 -0.014999999999999999 0.01 0.050000000000000003 0.014999999999999999 #
transform $-1 -1 1 0 0 0 1 0 0 0 1 0.01 0 0.014999999999999999 1 no_rotate no_reflect no_shear #
string_attrib-name_attrib-gen-attrib $-1 -1 $48 $-1 $11 2 1 2 1 1 1 1 1 1 1 1 1 1 1 0 1 1 1 @3 DRS @9 Win.Drain #
lump $-1 -1 -1 $-1 $-1 $49 $11 T -0.0099999999999999985 -0.050000000000000003 -0.014999999999999999 0.0099999999999999985 0.050000000000000003 0.014999999999999999 #
transform $-1 -1 1 0 0 0 1 0 0 0 1 0.050000000000000003 0 0.014999999999999999 1 no_rotate no_reflect no_shear #
string_attrib-name_attrib-gen-attrib $-1 -1 $50 $16 $4 2 1 2 1 1 1 1 1 1 1 1 1 1 1 0 1 1 1 @6 region @5 R.BOX #
shell $-1 -1 -1 $-1 $-1 $-1 $51 $-1 $17 T 0 -0.050000000000000003 -0.050000000000000003 0.059999999999999998 0.050000000000000003 0 #
string_attrib-name_attrib-gen-attrib $-1 -1 $52 $18 $5 2 1 2 1 1 1 1 1 1 1 1 1 1 1 0 1 1 1 @6 region @5 R.Fin #
shell $-1 -1 -1 $-1 $-1 $-1 $53 $-1 $19 T 0 -0.0050000000000000001 0 0.059999999999999998 0.0050000000000000001 0.029999999999999999 #
string_attrib-name_attrib-gen-attrib $-1 -1 $54 $20 $6 2 1 2 1 1 1 1 1 1 1 1 1 1 1 0 1 1 1 @6 region @4 R.IL #
shell $-1 -1 -1 $-1 $-1 $-1 $55 $-1 $21 T 0.019999999999999997 -0.0060000000000000001 0 0.040000000000000001 0.0060000000000000001 0.031 #
string_attrib-name_attrib-gen-attrib $-1 -1 $56 $22 $7 2 1 2 1 1 1 1 1 1 1 1 1 1 1 0 1 1 1 @6 region @7 R.HighK #
shell $-1 -1 -1 $-1 $-1 $-1 $57 $-1 $23 T 0.019999999999999997 -0.0070000000000000001 0 0.040000000000000001 0.0070000000000000001 0.032000000000000001 #
string_attrib-name_attrib-gen-attrib $-1 -1 $58 $24 $8 2 1 2 1 1 1 1 1 1 1 1 1 1 1 0 1 1 1 @6 region @5 R.HZO #
shell $-1 -1 -1 $-1 $-1 $-1 $59 $-1 $25 T 0.019999999999999997 -0.01 0 0.040000000000000001 0.01 0.035000000000000003 #
string_attrib-name_attrib-gen-attrib $-1 -1 $60 $26 $9 2 1 2 1 1 1 1 1 1 1 1 1 1 1 0 1 1 1 @6 region @11 R.GateMetal #
shell $-1 -1 -1 $-1 $-1 $-1 $61 $-1 $27 T 0.019999999999999997 -0.02 0 0.040000000000000001 0.02 0.045000000000000005 #
string_attrib-name_attrib-gen-attrib $-1 -1 $62 $28 $10 2 1 2 1 1 1 1 1 1 1 1 1 1 1 0 1 1 1 @12 transmission @4 gray #
shell $-1 -1 -1 $-1 $-1 $-1 $63 $-1 $29 T -0.01 -0.050000000000000003 -0.014999999999999999 0.01 0.050000000000000003 0.014999999999999999 #
string_attrib-name_attrib-gen-attrib $-1 -1 $64 $31 $11 2 1 2 1 1 1 1 1 1 1 1 1 1 1 0 1 1 1 @12 transmission @4 gray #
shell $-1 -1 -1 $-1 $-1 $-1 $65 $-1 $32 T -0.0099999999999999985 -0.050000000000000003 -0.014999999999999999 0.0099999999999999985 0.050000000000000003 0.014999999999999999 #
string_attrib-name_attrib-gen-attrib $-1 -1 $66 $34 $4 2 1 2 1 1 1 1 1 1 1 1 1 1 1 0 1 1 1 @8 material @5 Oxide #
face $-1 -1 -1 $-1 $67 $68 $35 $-1 $69 forward single F T -0.010000000000000002 0.010000000000000002 0.01 0.02 #
string_attrib-name_attrib-gen-attrib $-1 -1 $70 $36 $5 2 1 2 1 1 1 1 1 1 1 1 1 1 1 0 1 1 1 @8 material @7 Silicon #
face $-1 -1 -1 $-1 $71 $72 $37 $-1 $73 reversed single T 0.040000000000000001 -0.0050000000000000001 0 0.059999999999999998 -0.0050000000000000001 0.029999999999999999 F #
string_attrib-name_attrib-gen-attrib $-1 -1 $74 $38 $6 2 1 2 1 1 1 1 1 1 1 1 1 1 1 0 1 1 1 @8 material @5 Oxide #
face $-1 -1 -1 $-1 $75 $76 $39 $-1 $77 forward single T 0.019999999999999997 -0.0050000000000000001 0 0.040000000000000001 -0.0050000000000000001 0.029999999999999999 F #
string_attrib-name_attrib-gen-attrib $-1 -1 $78 $40 $7 2 1 2 1 1 1 1 1 1 1 1 1 1 1 0 1 1 1 @8 material @4 HfO2 #
face $-1 -1 -1 $-1 $79 $80 $41 $-1 $81 reversed single T 0.019999999999999997 -0.0060000000000000001 0.031 0.040000000000000001 0.0060000000000000001 0.031 T -0.010000000000000002 0.010000000000000002 -0.0060000000000000001 0.0060000000000000001 #
string_attrib-name_attrib-gen-attrib $-1 -1 $82 $42 $8 2 1 2 1 1 1 1 1 1 1 1 1 1 1 0 1 1 1 @8 material @10 Insulator1 #
face $-1 -1 -1 $-1 $83 $84 $43 $-1 $85 reversed single T 0.019999999999999997 -0.0070000000000000001 0.032000000000000001 0.040000000000000001 0.0070000000000000001 0.032000000000000001 T -0.010000000000000002 0.010000000000000002 -0.0070000000000000001 0.0070000000000000001 #
string_attrib-name_attrib-gen-attrib $-1 -1 $86 $44 $9 2 1 2 1 1 1 1 1 1 1 1 1 1 1 0 1 1 1 @8 material @3 TiN #
face $-1 -1 -1 $-1 $87 $88 $45 $-1 $89 reversed single T 0.019999999999999997 -0.01 0.035000000000000003 0.040000000000000001 0.01 0.035000000000000003 T -0.010000000000000002 0.010000000000000002 -0.01 0.01 #
render-rbase-attrib $-1 -1 $-1 $46 $10 1 1 1 1 1 1 1 1 1 1 1 1 0 1 0 1 1 1 $90 $-1 0 1 1 0 0 0 1 0 0 0 1 0.01 0 0.014999999999999999 1 no_rotate no_reflect no_shear #
face $-1 -1 -1 $-1 $91 $92 $47 $-1 $93 forward single F F #
render-rbase-attrib $-1 -1 $-1 $48 $11 1 1 1 1 1 1 1 1 1 1 1 1 0 1 0 1 1 1 $94 $-1 0 1 1 0 0 0 1 0 0 0 1 0.050000000000000003 0 0.014999999999999999 1 no_rotate no_reflect no_shear #
face $-1 -1 -1 $-1 $95 $96 $49 $-1 $97 forward single F F #
rgb_color-st-attrib $-1 -1 $-1 $50 $4 2 1 2 1 1 1 1 1 1 1 1 1 1 1 0 1 1 1 0.49019607843137253 0.019607843137254902 0.019607843137254902 #
face $-1 -1 -1 $-1 $98 $99 $35 $-1 $69 forward single F T -0.029999999999999999 0.029999999999999999 -0.050000000000000003 -0.0050000000000000001 #
loop $-1 -1 -1 $-1 $-1 $100 $51 T 0.019999999999999997 0.01 0 0.040000000000000001 0.02 0 unknown #
plane-surface $-1 -1 -1 $-1 0.029999999999999999 0 0 0 0 1 1 0 0 forward_v I I I I #
rgb_color-st-attrib $-1 -1 $-1 $52 $5 2 1 2 1 1 1 1 1 1 1 1 1 1 1 0 1 1 1 1 0.71372549019607845 0.75686274509803919 #
face $-1 -1 -1 $-1 $101 $102 $37 $-1 $73 reversed single T 0 -0.0050000000000000001 0 0.019999999999999997 -0.0050000000000000001 0.029999999999999999 F #
loop $-1 -1 -1 $-1 $-1 $103 $53 T 0.040000000000000001 -0.0050000000000000001 0 0.059999999999999998 -0.0050000000000000001 0.029999999999999999 unknown #
plane-surface $-1 -1 -1 $-1 0.029999999999999999 -0.0050000000000000001 0.014999999999999999 0 1 0 0 0 1 forward_v I I I I #
rgb_color-st-attrib $-1 -1 $-1 $54 $6 2 1 2 1 1 1 1 1 1 1 1 1 1 1 0 1 1 1 0.49019607843137253 0.019607843137254902 0.019607843137254902 #
face $-1 -1 -1 $-1 $104 $105 $39 $-1 $106 reversed single T 0.019999999999999997 -0.0050000000000000001 0.029999999999999999 0.040000000000000001 0.0050000000000000001 0.029999999999999999 T -0.010000000000000002 0.010000000000000002 -0.0050000000000000001 0.0050000000000000001 #
loop $-1 -1 -1 $-1 $-1 $107 $55 T 0.019999999999999997 -0.0050000000000000001 0 0.040000000000000001 -0.0050000000000000001 0.029999999999999999 unknown #
plane-surface $-1 -1 -1 $-1 0.029999999999999999 -0.0050000000000000001 0.014999999999999999 0 1 0 0 0 1 forward_v I I I I #
rgb_color-st-attrib $-1 -1 $-1 $56 $7 2 1 2 1 1 1 1 1 1 1 1 1 1 1 0 1 1 1 0.65098039215686276 0.50980392156862742 0.3843137254901961 #
face $-1 -1 -1 $-1 $108 $109 $41 $-1 $110 forward single T 0.019999999999999997 -0.0060000000000000001 0 0.040000000000000001 -0.0060000000000000001 0.031 F #
loop $-1 -1 -1 $-1 $-1 $111 $57 T 0.019999999999999997 -0.0060000000000000001 0.031 0.040000000000000001 0.0060000000000000001 0.031 unknown #
plane-surface $-1 -1 -1 $-1 0.029999999999999999 0 0.031 0 0 1 1 0 0 forward_v I I I I #
rgb_color-st-attrib $-1 -1 $-1 $58 $8 2 1 2 1 1 1 1 1 1 1 1 1 1 1 0 1 1 1 0.33333333333333331 0.33333333333333331 0 #
face $-1 -1 -1 $-1 $112 $113 $43 $-1 $114 forward single T 0.019999999999999997 -0.0070000000000000001 0 0.040000000000000001 -0.0070000000000000001 0.032000000000000001 F #
loop $-1 -1 -1 $-1 $-1 $115 $59 T 0.019999999999999997 -0.0070000000000000001 0.032000000000000001 0.040000000000000001 0.0070000000000000001 0.032000000000000001 unknown #
plane-surface $-1 -1 -1 $-1 0.029999999999999999 0 0.032000000000000001 0 0 1 1 0 0 forward_v I I I I #
rgb_color-st-attrib $-1 -1 $-1 $60 $9 2 1 2 1 1 1 1 1 1 1 1 1 1 1 0 1 1 1 0.80392156862745101 0.72941176470588232 0.58823529411764708 #
face $-1 -1 -1 $-1 $116 $117 $45 $-1 $118 forward single T 0.019999999999999997 -0.01 0 0.040000000000000001 -0.01 0.035000000000000003 F #
loop $-1 -1 -1 $-1 $-1 $119 $61 T 0.019999999999999997 -0.01 0.035000000000000003 0.040000000000000001 0.01 0.035000000000000003 unknown #
plane-surface $-1 -1 -1 $-1 0.029999999999999999 0 0.035000000000000003 0 0 1 1 0 0 forward_v I I I I #
rh_material-rh_entity $-1 -1 4 0 @5 plain @5 color -4 0 1 0 @5 phong @14 ambient factor -2 1 @14 diffuse factor -2 0.75 @15 specular factor -2 0.5 @8 exponent -2 10 @14 specular color -4 1 1 1 @4 none @4 none #
face $-1 -1 -1 $-1 $120 $121 $47 $-1 $122 reversed single F F #
loop $-1 -1 -1 $-1 $-1 $123 $63 T -0.01 -0.050000000000000003 0.014999999999999999 0.01 0.050000000000000003 0.014999999999999999 unknown #
plane-surface $-1 -1 -1 $-1 0 0 0.014999999999999999 0 0 1 1 0 0 forward_v I I I I #
rh_material-rh_entity $-1 -1 4 0 @5 plain @5 color -4 0 1 0 @5 phong @14 ambient factor -2 1 @14 diffuse factor -2 0.75 @15 specular factor -2 0.5 @8 exponent -2 10 @14 specular color -4 1 1 1 @4 none @4 none #
face $-1 -1 -1 $-1 $124 $125 $49 $-1 $126 reversed single F F #
loop $-1 -1 -1 $-1 $-1 $127 $65 T -0.0099999999999999985 -0.050000000000000003 0.014999999999999999 0.0099999999999999985 0.050000000000000003 0.014999999999999999 unknown #
plane-surface $-1 -1 -1 $-1 0 0 0.014999999999999999 0 0 1 1 0 0 forward_v I I I I #
face $-1 -1 -1 $-1 $128 $129 $35 $-1 $69 forward single F T -0.010000000000000002 0.010000000000000002 0.0070000000000000001 0.01 #
loop $-1 -1 -1 $-1 $-1 $130 $67 T 0 -0.050000000000000003 0 0.059999999999999998 -0.0050000000000000001 0 unknown #
coedge $-1 -1 -1 $-1 $131 $132 $133 $134 forward $68 $-1 #
face $-1 -1 -1 $-1 $135 $136 $37 $-1 $137 forward single T 0.040000000000000001 -0.0050000000000000001 0.029999999999999999 0.059999999999999998 0.0050000000000000001 0.029999999999999999 T 0.010000000000000002 0.029999999999999999 -0.0050000000000000001 0.0050000000000000001 #
loop $-1 -1 -1 $-1 $-1 $138 $71 T 0 -0.0050000000000000001 0 0.019999999999999997 -0.0050000000000000001 0.029999999999999999 unknown #
coedge $-1 -1 -1 $-1 $139 $140 $141 $142 reversed $72 $-1 #
face $-1 -1 -1 $-1 $143 $144 $39 $-1 $145 forward single T 0.019999999999999997 0.0050000000000000001 0 0.040000000000000001 0.0050000000000000001 0.029999999999999999 F #
loop $-1 -1 -1 $-1 $-1 $146 $75 T 0.019999999999999997 -0.0050000000000000001 0.029999999999999999 0.040000000000000001 0.0050000000000000001 0.029999999999999999 unknown #
plane-surface $-1 -1 -1 $-1 0.029999999999999999 0 0.029999999999999999 0 0 1 1 0 0 forward_v I I I I #
coedge $-1 -1 -1 $-1 $147 $148 $149 $150 reversed $76 $-1 #
face $-1 -1 -1 $-1 $151 $152 $41 $-1 $153 forward single T 0.019999999999999997 0.0060000000000000001 0 0.040000000000000001 0.0060000000000000001 0.031 F #
loop $-1 -1 -1 $-1 $-1 $154 $79 T 0.019999999999999997 -0.0060000000000000001 0 0.040000000000000001 -0.0060000000000000001 0.031 unknown #
plane-surface $-1 -1 -1 $-1 0.029999999999999999 -0.0060000000000000001 0.0155 0 1 0 0 0 1 forward_v I I I I #
coedge $-1 -1 -1 $-1 $155 $156 $157 $158 reversed $80 $-1 #
face $-1 -1 -1 $-1 $159 $160 $43 $-1 $161 forward single T 0.019999999999999997 0.0070000000000000001 0 0.040000000000000001 0.0070000000000000001 0.032000000000000001 F #
loop $-1 -1 -1 $-1 $-1 $162 $83 T 0.019999999999999997 -0.0070000000000000001 0 0.040000000000000001 -0.0070000000000000001 0.032000000000000001 unknown #
plane-surface $-1 -1 -1 $-1 0.029999999999999999 -0.0070000000000000001 0.016 0 1 0 0 0 1 forward_v I I I I #
coedge $-1 -1 -1 $-1 $163 $164 $165 $166 reversed $84 $-1 #
face $-1 -1 -1 $-1 $167 $168 $45 $-1 $169 forward single T 0.019999999999999997 0.01 0 0.040000000000000001 0.01 0.035000000000000003 F #
loop $-1 -1 -1 $-1 $-1 $170 $87 T 0.019999999999999997 -0.01 0 0.040000000000000001 -0.01 0.035000000000000003 unknown #
plane-surface $-1 -1 -1 $-1 0.029999999999999999 -0.01 0.017500000000000002 0 1 0 0 0 1 forward_v I I I I #
coedge $-1 -1 -1 $-1 $171 $172 $173 $174 reversed $88 $-1 #
face $-1 -1 -1 $-1 $175 $176 $47 $-1 $177 reversed single F F #
loop $-1 -1 -1 $-1 $-1 $178 $91 T -0.01 -0.050000000000000003 -0.014999999999999999 0.01 0.050000000000000003 -0.014999999999999999 unknown #
plane-surface $-1 -1 -1 $-1 0 0 -0.014999999999999999 0 0 1 1 0 0 forward_v I I I I #
coedge $-1 -1 -1 $-1 $179 $180 $181 $182 forward $92 $-1 #
face $-1 -1 -1 $-1 $183 $184 $49 $-1 $185 reversed single F F #
loop $-1 -1 -1 $-1 $-1 $186 $95 T -0.0099999999999999985 -0.050000000000000003 -0.014999999999999999 0.0099999999999999985 0.050000000000000003 -0.014999999999999999 unknown #
plane-surface $-1 -1 -1 $-1 0 0 -0.014999999999999999 0 0 1 1 0 0 forward_v I I I I #
coedge $-1 -1 -1 $-1 $187 $188 $189 $190 forward $96 $-1 #
face $-1 -1 -1 $-1 $191 $192 $35 $-1 $69 forward single F T -0.010000000000000002 0.010000000000000002 -0.02 -0.01 #
loop $-1 -1 -1 $-1 $-1 $193 $98 T 0.019999999999999997 0.0070000000000000001 0 0.040000000000000001 0.01 0 unknown #
coedge $-1 -1 -1 $-1 $194 $195 $196 $197 reversed $99 $-1 #
coedge $-1 -1 -1 $-1 $198 $100 $199 $200 forward $68 $-1 #
coedge $-1 -1 -1 $-1 $100 $198 $201 $202 reversed $68 $-1 #
coedge $-1 -1 -1 $-1 $203 $199 $100 $134 reversed $204 $-1 #
edge $-1 -1 -1 $-1 $205 0.01 $206 0.02 $100 $207 forward @7 unknown T 0.040000000000000001 0.01 0 0.040000000000000001 0.02 0 #
face $-1 -1 -1 $-1 $208 $209 $37 $-1 $137 forward single T 0 -0.0050000000000000001 0.029999999999999999 0.019999999999999997 0.0050000000000000001 0.029999999999999999 T -0.029999999999999999 -0.010000000000000002 -0.0050000000000000001 0.0050000000000000001 #
loop $-1 -1 -1 $-1 $-1 $210 $101 T 0.040000000000000001 -0.0050000000000000001 0.029999999999999999 0.059999999999999998 0.0050000000000000001 0.029999999999999999 unknown #
plane-surface $-1 -1 -1 $-1 0.029999999999999999 0 0.029999999999999999 0 0 1 1 0 0 forward_v I I I I #
coedge $-1 -1 -1 $-1 $211 $212 $213 $214 reversed $102 $-1 #
coedge $-1 -1 -1 $-1 $215 $103 $216 $217 reversed $72 $-1 #
coedge $-1 -1 -1 $-1 $103 $215 $218 $219 reversed $72 $-1 #
coedge $-1 -1 -1 $-1 $220 $221 $103 $142 forward $222 $-1 #
edge $-1 -1 -1 $-1 $223 -0.01525 $224 0.014749999999999999 $141 $225 forward @7 unknown T 0.040000000000000001 -0.0050000000000000001 0 0.040000000000000001 -0.0050000000000000001 0.029999999999999999 #
face $-1 -1 -1 $-1 $226 $227 $39 $-1 $228 reversed single T 0.019999999999999997 -0.0060000000000000001 0 0.019999999999999997 0.0060000000000000001 0.031 F #
loop $-1 -1 -1 $-1 $-1 $229 $104 T 0.019999999999999997 0.0050000000000000001 0 0.040000000000000001 0.0050000000000000001 0.029999999999999999 unknown #
plane-surface $-1 -1 -1 $-1 0.029999999999999999 0.0050000000000000001 0.014999999999999999 0 -1 0 0 0 -1 forward_v I I I I #
coedge $-1 -1 -1 $-1 $230 $231 $232 $233 reversed $105 $-1 #
coedge $-1 -1 -1 $-1 $234 $107 $231 $235 forward $76 $-1 #
coedge $-1 -1 -1 $-1 $107 $234 $236 $237 reversed $76 $-1 #
coedge $-1 -1 -1 $-1 $238 $232 $107 $150 forward $227 $-1 #
edge $239 -1 -1 $-1 $240 -0.014749999999999999 $241 0.01525 $149 $242 forward @7 unknown T 0.019999999999999997 -0.0050000000000000001 0 0.019999999999999997 -0.0050000000000000001 0.029999999999999999 #
face $-1 -1 -1 $-1 $243 $244 $41 $-1 $245 reversed single T 0.040000000000000001 -0.0070000000000000001 0 0.040000000000000001 0.0070000000000000001 0.032000000000000001 F #
loop $-1 -1 -1 $-1 $-1 $246 $108 T 0.019999999999999997 0.0060000000000000001 0 0.040000000000000001 0.0060000000000000001 0.031 unknown #
plane-surface $-1 -1 -1 $-1 0.029999999999999999 0.0060000000000000001 0.0155 0 -1 0 0 0 -1 forward_v I I I I #
coedge $-1 -1 -1 $-1 $247 $248 $249 $250 reversed $109 $-1 #
coedge $-1 -1 -1 $-1 $251 $111 $247 $252 reversed $80 $-1 #
coedge $-1 -1 -1 $-1 $111 $251 $253 $254 reversed $80 $-1 #
coedge $-1 -1 -1 $-1 $255 $256 $111 $158 forward $244 $-1 #
edge $257 -1 -1 $-1 $258 -0.0060000000000000001 $259 0.0060000000000000001 $157 $260 forward @7 unknown T 0.040000000000000001 -0.0060000000000000001 0.031 0.040000000000000001 0.0060000000000000001 0.031 #
face $-1 -1 -1 $-1 $261 $262 $43 $-1 $263 reversed single T 0.040000000000000001 -0.01 0 0.040000000000000001 0.01 0.035000000000000003 F #
loop $-1 -1 -1 $-1 $-1 $264 $112 T 0.019999999999999997 0.0070000000000000001 0 0.040000000000000001 0.0070000000000000001 0.032000000000000001 unknown #
plane-surface $-1 -1 -1 $-1 0.029999999999999999 0.0070000000000000001 0.016 0 -1 0 0 0 -1 forward_v I I I I #
coedge $-1 -1 -1 $-1 $265 $266 $267 $268 reversed $113 $-1 #
coedge $-1 -1 -1 $-1 $269 $115 $265 $270 reversed $84 $-1 #
coedge $-1 -1 -1 $-1 $115 $269 $271 $272 reversed $84 $-1 #
coedge $-1 -1 -1 $-1 $273 $274 $115 $166 forward $262 $-1 #
edge $275 -1 -1 $-1 $276 -0.0070000000000000001 $277 0.0070000000000000001 $165 $278 forward @7 unknown T 0.040000000000000001 -0.0070000000000000001 0.032000000000000001 0.040000000000000001 0.0070000000000000001 0.032000000000000001 #
face $-1 -1 -1 $-1 $279 $280 $45 $-1 $281 reversed single T 0.040000000000000001 -0.02 0 0.040000000000000001 0.02 0.045000000000000005 F #
loop $-1 -1 -1 $-1 $-1 $282 $116 T 0.019999999999999997 0.01 0 0.040000000000000001 0.01 0.035000000000000003 unknown #
plane-surface $-1 -1 -1 $-1 0.029999999999999999 0.01 0.017500000000000002 0 -1 0 0 0 -1 forward_v I I I I #
coedge $-1 -1 -1 $-1 $283 $284 $285 $286 reversed $117 $-1 #
coedge $-1 -1 -1 $-1 $287 $119 $283 $288 reversed $88 $-1 #
coedge $-1 -1 -1 $-1 $119 $287 $289 $290 reversed $88 $-1 #
coedge $-1 -1 -1 $-1 $291 $292 $119 $174 forward $280 $-1 #
edge $-1 -1 -1 $-1 $293 -0.01 $294 0.01 $173 $295 forward @7 unknown T 0.040000000000000001 -0.01 0.035000000000000003 0.040000000000000001 0.01 0.035000000000000003 #
face $-1 -1 -1 $-1 $296 $297 $47 $-1 $298 reversed single F F #
loop $-1 -1 -1 $-1 $-1 $299 $120 T -0.01 -0.050000000000000003 -0.014999999999999999 0.01 -0.050000000000000003 0.014999999999999999 unknown #
plane-surface $-1 -1 -1 $-1 0 -0.050000000000000003 0 0 1 -0 -0 0 1 forward_v I I I I #
coedge $-1 -1 -1 $-1 $300 $301 $302 $303 forward $121 $-1 #
coedge $-1 -1 -1 $-1 $304 $123 $305 $306 forward $92 $-1 #
coedge $-1 -1 -1 $-1 $123 $304 $307 $308 forward $92 $-1 #
coedge $-1 -1 -1 $-1 $309 $310 $123 $182 reversed $311 $-1 #
edge $-1 -1 -1 $-1 $312 -0.050000000000000003 $313 0.050000000000000003 $181 $314 forward @7 unknown T 0.01 -0.050000000000000003 0.014999999999999999 0.01 0.050000000000000003 0.014999999999999999 #
face $-1 -1 -1 $-1 $315 $316 $49 $-1 $317 reversed single F F #
loop $-1 -1 -1 $-1 $-1 $318 $124 T -0.0099999999999999985 -0.050000000000000003 -0.014999999999999999 0.0099999999999999985 -0.050000000000000003 0.014999999999999999 unknown #
plane-surface $-1 -1 -1 $-1 0 -0.050000000000000003 0 0 1 -0 -0 0 1 forward_v I I I I #
coedge $-1 -1 -1 $-1 $319 $320 $321 $322 forward $125 $-1 #
coedge $-1 -1 -1 $-1 $323 $127 $324 $325 forward $96 $-1 #
coedge $-1 -1 -1 $-1 $127 $323 $326 $327 forward $96 $-1 #
coedge $-1 -1 -1 $-1 $328 $329 $127 $190 reversed $330 $-1 #
edge $-1 -1 -1 $-1 $331 -0.050000000000000003 $332 0.050000000000000003 $189 $333 forward @7 unknown T 0.0099999999999999985 -0.050000000000000003 0.014999999999999999 0.0099999999999999985 0.050000000000000003 0.014999999999999999 #
face $-1 -1 -1 $-1 $334 $335 $35 $-1 $69 forward single F T -0.010000000000000002 0.010000000000000002 0.0060000000000000001 0.0070000000000000001 #
loop $-1 -1 -1 $-1 $-1 $196 $128 T 0.019999999999999997 -0.02 0 0.040000000000000001 -0.01 0 unknown #
coedge $-1 -1 -1 $-1 $201 $336 $203 $337 forward $129 $-1 #
coedge $-1 -1 -1 $-1 $338 $130 $339 $340 reversed $99 $-1 #
coedge $-1 -1 -1 $-1 $130 $341 $342 $343 reversed $99 $-1 #
coedge $-1 -1 -1 $-1 $344 $339 $130 $197 forward $192 $-1 #
edge $-1 -1 -1 $-1 $345 -0.02 $346 -0.01 $196 $347 forward @7 unknown T 0.040000000000000001 -0.02 0 0.040000000000000001 -0.01 0 #
coedge $-1 -1 -1 $-1 $132 $131 $348 $349 forward $68 $-1 #
coedge $-1 -1 -1 $-1 $133 $348 $131 $200 reversed $204 $-1 #
edge $-1 -1 -1 $-1 $206 -0.010000000000000002 $350 0.010000000000000002 $131 $351 forward @7 unknown T 0.019999999999999997 0.02 0 0.040000000000000001 0.02 0 #
coedge $-1 -1 -1 $-1 $352 $193 $132 $202 forward $129 $-1 #
edge $-1 -1 -1 $-1 $205 -0.010000000000000002 $353 0.010000000000000002 $201 $354 forward @7 unknown T 0.019999999999999997 0.01 0 0.040000000000000001 0.01 0 #
coedge $-1 -1 -1 $-1 $355 $133 $193 $337 reversed $204 $-1 #
loop $-1 -1 -1 $-1 $-1 $133 $356 T 0 0.0050000000000000001 0 0.059999999999999998 0.050000000000000003 0 unknown #
vertex $-1 -1 -1 $-1 $337 $357 #
vertex $-1 -1 -1 $-1 $134 $358 #
straight-curve $-1 -1 -1 $-1 0.040000000000000001 0 0 0 1 -0 I I #
face $-1 -1 -1 $-1 $359 $360 $37 $-1 $361 reversed single T 0.040000000000000001 0.0050000000000000001 0 0.059999999999999998 0.0050000000000000001 0.029999999999999999 F #
loop $-1 -1 -1 $-1 $-1 $362 $135 T 0 -0.0050000000000000001 0.029999999999999999 0.019999999999999997 0.0050000000000000001 0.029999999999999999 unknown #
coedge $-1 -1 -1 $-1 $218 $363 $364 $365 reversed $136 $-1 #
coedge $-1 -1 -1 $-1 $366 $138 $367 $368 reversed $102 $-1 #
coedge $-1 -1 -1 $-1 $138 $366 $369 $370 reversed $102 $-1 #
coedge $-1 -1 -1 $-1 $221 $220 $138 $214 forward $222 $-1 #
edge $-1 -1 -1 $-1 $371 -0.014749999999999999 $372 0.01525 $213 $373 forward @7 unknown T 0.019999999999999997 -0.0050000000000000001 0 0.019999999999999997 -0.0050000000000000001 0.029999999999999999 #
coedge $-1 -1 -1 $-1 $140 $139 $374 $375 reversed $72 $-1 #
coedge $-1 -1 -1 $-1 $376 $377 $139 $217 forward $378 $-1 #
edge $-1 -1 -1 $-1 $379 -0.029999999999999999 $223 -0.010000000000000002 $139 $380 forward @7 unknown T 0.040000000000000001 -0.0050000000000000001 0 0.059999999999999998 -0.0050000000000000001 0 #
coedge $-1 -1 -1 $-1 $381 $210 $140 $219 forward $136 $-1 #
edge $-1 -1 -1 $-1 $224 0.010000000000000002 $382 0.029999999999999999 $140 $383 forward @7 unknown T 0.040000000000000001 -0.0050000000000000001 0.029999999999999999 0.059999999999999998 -0.0050000000000000001 0.029999999999999999 #
coedge $-1 -1 -1 $-1 $213 $141 $384 $385 reversed $222 $-1 #
coedge $-1 -1 -1 $-1 $141 $213 $376 $386 reversed $222 $-1 #
loop $-1 -1 -1 $-1 $-1 $213 $387 T 0.019999999999999997 -0.0050000000000000001 0 0.040000000000000001 -0.0050000000000000001 0.029999999999999999 unknown #
vertex $-1 -1 -1 $-1 $386 $388 #
vertex $-1 -1 -1 $-1 $219 $389 #
straight-curve $-1 -1 -1 $-1 0.040000000000000001 -0.0050000000000000001 0.01525 0 -0 1 I I #
face $-1 -1 -1 $-1 $390 $391 $39 $-1 $392 reversed single T 0.019999999999999997 -0.0060000000000000001 0 0.040000000000000001 -0.0050000000000000001 0 T -0.010000000000000002 0.010000000000000002 -0.0060000000000000001 -0.0050000000000000001 #
loop $-1 -1 -1 $-1 $-1 $393 $143 T 0.019999999999999997 -0.0060000000000000001 0 0.019999999999999997 0.0060000000000000001 0.031 unknown #
plane-surface $-1 -1 -1 $-1 0.019999999999999997 0 0.0155 1 0 0 0 0 -1 forward_v I I I I #
coedge $-1 -1 -1 $-1 $394 $395 $393 $396 reversed $144 $-1 #
coedge $-1 -1 -1 $-1 $397 $146 $395 $398 reversed $105 $-1 #
coedge $-1 -1 -1 $-1 $146 $397 $147 $235 reversed $105 $-1 #
coedge $-1 -1 -1 $-1 $149 $393 $146 $233 forward $227 $-1 #
edge $399 -1 -1 $-1 $400 -0.0050000000000000001 $240 0.0050000000000000001 $232 $401 forward @7 unknown T 0.019999999999999997 -0.0050000000000000001 0.029999999999999999 0.019999999999999997 0.0050000000000000001 0.029999999999999999 #
coedge $-1 -1 -1 $-1 $148 $147 $402 $403 reversed $76 $-1 #
edge $404 -1 -1 $-1 $240 -0.010000000000000002 $405 0.010000000000000002 $147 $406 forward @7 unknown T 0.019999999999999997 -0.0050000000000000001 0.029999999999999999 0.040000000000000001 -0.0050000000000000001 0.029999999999999999 #
coedge $-1 -1 -1 $-1 $407 $408 $148 $237 forward $391 $-1 #
edge $409 -1 -1 $-1 $241 -0.010000000000000002 $410 0.010000000000000002 $236 $411 forward @7 unknown T 0.019999999999999997 -0.0050000000000000001 0 0.040000000000000001 -0.0050000000000000001 0 #
coedge $-1 -1 -1 $-1 $412 $149 $408 $413 reversed $227 $-1 #
name_attrib-gen-attrib $-1 -1 $-1 $-1 $150 2 3 2 1 1 1 1 1 1 1 1 1 1 1 0 1 1 1 @24 convexity_check_required #
vertex $-1 -1 -1 $-1 $233 $414 #
vertex $-1 -1 -1 $-1 $150 $415 #
straight-curve $-1 -1 -1 $-1 0.019999999999999997 -0.0050000000000000001 0.01525 0 0 -1 I I #
face $-1 -1 -1 $-1 $416 $417 $41 $-1 $418 reversed single T 0.019999999999999997 -0.0070000000000000001 0 0.040000000000000001 -0.0060000000000000001 0 T -0.010000000000000002 0.010000000000000002 -0.0070000000000000001 -0.0060000000000000001 #
loop $-1 -1 -1 $-1 $-1 $256 $151 T 0.040000000000000001 -0.0070000000000000001 0 0.040000000000000001 0.0070000000000000001 0.032000000000000001 unknown #
plane-surface $-1 -1 -1 $-1 0.040000000000000001 0 0.016 -1 0 0 0 0 1 forward_v I I I I #
coedge $-1 -1 -1 $-1 $253 $419 $255 $420 reversed $152 $-1 #
coedge $-1 -1 -1 $-1 $421 $154 $155 $252 forward $109 $-1 #
coedge $-1 -1 -1 $-1 $154 $421 $422 $423 reversed $109 $-1 #
coedge $-1 -1 -1 $-1 $424 $425 $154 $250 forward $426 $-1 #
edge $427 -1 -1 $-1 $428 -0.01525 $429 0.01575 $249 $430 forward @7 unknown T 0.019999999999999997 -0.0060000000000000001 0 0.019999999999999997 -0.0060000000000000001 0.031 #
coedge $-1 -1 -1 $-1 $156 $155 $425 $431 reversed $80 $-1 #
edge $432 -1 -1 $-1 $428 -0.010000000000000002 $258 0.010000000000000002 $247 $433 forward @7 unknown T 0.019999999999999997 -0.0060000000000000001 0.031 0.040000000000000001 -0.0060000000000000001 0.031 #
coedge $-1 -1 -1 $-1 $434 $246 $156 $254 forward $152 $-1 #
edge $435 -1 -1 $-1 $259 -0.010000000000000002 $436 0.010000000000000002 $253 $437 forward @7 unknown T 0.019999999999999997 0.0060000000000000001 0.031 0.040000000000000001 0.0060000000000000001 0.031 #
coedge $-1 -1 -1 $-1 $438 $157 $246 $420 forward $244 $-1 #
coedge $-1 -1 -1 $-1 $157 $439 $421 $440 forward $244 $-1 #
name_attrib-gen-attrib $-1 -1 $-1 $-1 $158 2 3 2 1 1 1 1 1 1 1 1 1 1 1 0 1 1 1 @24 convexity_check_required #
vertex $-1 -1 -1 $-1 $158 $441 #
vertex $-1 -1 -1 $-1 $158 $442 #
straight-curve $-1 -1 -1 $-1 0.040000000000000001 0 0.031 0 1 -0 I I #
face $-1 -1 -1 $-1 $443 $444 $43 $-1 $445 reversed single T 0.019999999999999997 -0.01 0 0.040000000000000001 -0.0070000000000000001 0 T -0.010000000000000002 0.010000000000000002 -0.01 -0.0070000000000000001 #
loop $-1 -1 -1 $-1 $-1 $274 $159 T 0.040000000000000001 -0.01 0 0.040000000000000001 0.01 0.035000000000000003 unknown #
plane-surface $-1 -1 -1 $-1 0.040000000000000001 0 0.017500000000000002 -1 0 0 0 0 1 forward_v I I I I #
coedge $-1 -1 -1 $-1 $271 $446 $273 $447 reversed $160 $-1 #
coedge $-1 -1 -1 $-1 $448 $162 $163 $270 forward $113 $-1 #
coedge $-1 -1 -1 $-1 $162 $448 $449 $450 reversed $113 $-1 #
coedge $-1 -1 -1 $-1 $451 $452 $162 $268 forward $453 $-1 #
edge $454 -1 -1 $-1 $455 -0.01525 $456 0.016750000000000001 $267 $457 forward @7 unknown T 0.019999999999999997 -0.0070000000000000001 0 0.019999999999999997 -0.0070000000000000001 0.032000000000000001 #
coedge $-1 -1 -1 $-1 $164 $163 $452 $458 reversed $84 $-1 #
edge $459 -1 -1 $-1 $455 -0.010000000000000002 $276 0.010000000000000002 $265 $460 forward @7 unknown T 0.019999999999999997 -0.0070000000000000001 0.032000000000000001 0.040000000000000001 -0.0070000000000000001 0.032000000000000001 #
coedge $-1 -1 -1 $-1 $461 $264 $164 $272 forward $160 $-1 #
edge $462 -1 -1 $-1 $277 -0.010000000000000002 $463 0.010000000000000002 $271 $464 forward @7 unknown T 0.019999999999999997 0.0070000000000000001 0.032000000000000001 0.040000000000000001 0.0070000000000000001 0.032000000000000001 #
coedge $-1 -1 -1 $-1 $465 $165 $264 $447 forward $262 $-1 #
coedge $-1 -1 -1 $-1 $165 $466 $448 $467 forward $262 $-1 #
name_attrib-gen-attrib $-1 -1 $-1 $-1 $166 2 3 2 1 1 1 1 1 1 1 1 1 1 1 0 1 1 1 @24 convexity_check_required #
vertex $-1 -1 -1 $-1 $166 $468 #
vertex $-1 -1 -1 $-1 $166 $469 #
straight-curve $-1 -1 -1 $-1 0.040000000000000001 0 0.032000000000000001 0 1 -0 I I #
face $-1 -1 -1 $-1 $470 $471 $45 $-1 $472 reversed single T 0.019999999999999997 -0.02 0 0.040000000000000001 -0.01 0 T -0.010000000000000002 0.010000000000000002 -0.02 -0.01 #
loop $-1 -1 -1 $-1 $-1 $292 $167 T 0.040000000000000001 -0.02 0 0.040000000000000001 0.02 0.045000000000000005 unknown #
plane-surface $-1 -1 -1 $-1 0.040000000000000001 0 0.022500000000000003 -1 0 0 0 0 1 forward_v I I I I #
coedge $-1 -1 -1 $-1 $289 $473 $291 $474 reversed $168 $-1 #
coedge $-1 -1 -1 $-1 $475 $170 $171 $288 forward $117 $-1 #
coedge $-1 -1 -1 $-1 $170 $475 $476 $477 reversed $117 $-1 #
coedge $-1 -1 -1 $-1 $478 $479 $170 $286 forward $480 $-1 #
edge $-1 -1 -1 $-1 $481 -0.014999999999999999 $482 0.020000000000000004 $285 $483 forward @7 unknown T 0.019999999999999997 -0.01 0 0.019999999999999997 -0.01 0.035000000000000003 #
coedge $-1 -1 -1 $-1 $172 $171 $479 $484 reversed $88 $-1 #
edge $-1 -1 -1 $-1 $481 -0.010000000000000002 $293 0.010000000000000002 $283 $485 forward @7 unknown T 0.019999999999999997 -0.01 0.035000000000000003 0.040000000000000001 -0.01 0.035000000000000003 #
coedge $-1 -1 -1 $-1 $486 $282 $172 $290 forward $168 $-1 #
edge $-1 -1 -1 $-1 $294 -0.010000000000000002 $487 0.010000000000000002 $289 $488 forward @7 unknown T 0.019999999999999997 0.01 0.035000000000000003 0.040000000000000001 0.01 0.035000000000000003 #
coedge $-1 -1 -1 $-1 $489 $173 $282 $474 forward $280 $-1 #
coedge $-1 -1 -1 $-1 $173 $490 $475 $491 forward $280 $-1 #
vertex $-1 -1 -1 $-1 $174 $492 #
vertex $-1 -1 -1 $-1 $174 $493 #
straight-curve $-1 -1 -1 $-1 0.040000000000000001 0 0.035000000000000003 0 1 -0 I I #
face $-1 -1 -1 $-1 $494 $495 $47 $-1 $496 reversed single F F #
loop $-1 -1 -1 $-1 $-1 $497 $175 T -0.01 -0.050000000000000003 -0.014999999999999999 -0.01 0.050000000000000003 0.014999999999999999 unknown #
plane-surface $-1 -1 -1 $-1 -0.01 0 0 1 0 0 0 0 -1 forward_v I I I I #
coedge $-1 -1 -1 $-1 $498 $307 $499 $500 forward $176 $-1 #
coedge $-1 -1 -1 $-1 $501 $178 $498 $502 forward $121 $-1 #
coedge $-1 -1 -1 $-1 $178 $501 $503 $504 forward $121 $-1 #
coedge $-1 -1 -1 $-1 $310 $309 $178 $303 reversed $311 $-1 #
edge $-1 -1 -1 $-1 $505 -0.050000000000000003 $506 0.050000000000000003 $302 $507 forward @7 unknown T 0.01 -0.050000000000000003 -0.014999999999999999 0.01 0.050000000000000003 -0.014999999999999999 #
coedge $-1 -1 -1 $-1 $180 $179 $508 $509 forward $92 $-1 #
coedge $-1 -1 -1 $-1 $510 $511 $179 $306 reversed $495 $-1 #
edge $-1 -1 -1 $-1 $313 -0.01 $512 0.01 $305 $513 forward @7 unknown T -0.01 0.050000000000000003 0.014999999999999999 0.01 0.050000000000000003 0.014999999999999999 #
coedge $-1 -1 -1 $-1 $299 $514 $180 $308 reversed $176 $-1 #
edge $-1 -1 -1 $-1 $515 -0.01 $312 0.01 $307 $516 forward @7 unknown T -0.01 -0.050000000000000003 0.014999999999999999 0.01 -0.050000000000000003 0.014999999999999999 #
coedge $-1 -1 -1 $-1 $302 $181 $514 $517 forward $311 $-1 #
coedge $-1 -1 -1 $-1 $181 $302 $510 $518 reversed $311 $-1 #
loop $-1 -1 -1 $-1 $-1 $309 $494 T 0.01 -0.050000000000000003 -0.014999999999999999 0.01 0.050000000000000003 0.014999999999999999 unknown #
vertex $-1 -1 -1 $-1 $182 $519 #
vertex $-1 -1 -1 $-1 $182 $520 #
straight-curve $-1 -1 -1 $-1 0.01 0 0.014999999999999999 0 1 0 I I #
face $-1 -1 -1 $-1 $521 $522 $49 $-1 $523 reversed single F F #
loop $-1 -1 -1 $-1 $-1 $524 $183 T -0.0099999999999999985 -0.050000000000000003 -0.014999999999999999 -0.0099999999999999985 0.050000000000000003 0.014999999999999999 unknown #
plane-surface $-1 -1 -1 $-1 -0.0099999999999999985 0 0 1 0 0 0 0 -1 forward_v I I I I #
coedge $-1 -1 -1 $-1 $525 $326 $526 $527 forward $184 $-1 #
coedge $-1 -1 -1 $-1 $528 $186 $525 $529 forward $125 $-1 #
coedge $-1 -1 -1 $-1 $186 $528 $530 $531 forward $125 $-1 #
coedge $-1 -1 -1 $-1 $329 $328 $186 $322 reversed $330 $-1 #
edge $-1 -1 -1 $-1 $532 -0.050000000000000003 $533 0.050000000000000003 $321 $534 forward @7 unknown T 0.0099999999999999985 -0.050000000000000003 -0.014999999999999999 0.0099999999999999985 0.050000000000000003 -0.014999999999999999 #
coedge $-1 -1 -1 $-1 $188 $187 $535 $536 forward $96 $-1 #
coedge $-1 -1 -1 $-1 $537 $538 $187 $325 reversed $522 $-1 #
edge $-1 -1 -1 $-1 $332 -0.0099999999999999985 $539 0.0099999999999999985 $324 $540 forward @7 unknown T -0.0099999999999999985 0.050000000000000003 0.014999999999999999 0.0099999999999999985 0.050000000000000003 0.014999999999999999 #
coedge $-1 -1 -1 $-1 $318 $541 $188 $327 reversed $184 $-1 #
edge $-1 -1 -1 $-1 $542 -0.0099999999999999985 $331 0.0099999999999999985 $326 $543 forward @7 unknown T -0.0099999999999999985 -0.050000000000000003 0.014999999999999999 0.0099999999999999985 -0.050000000000000003 0.014999999999999999 #
coedge $-1 -1 -1 $-1 $321 $189 $541 $544 forward $330 $-1 #
coedge $-1 -1 -1 $-1 $189 $321 $537 $545 reversed $330 $-1 #
loop $-1 -1 -1 $-1 $-1 $328 $521 T 0.0099999999999999985 -0.050000000000000003 -0.014999999999999999 0.0099999999999999985 0.050000000000000003 0.014999999999999999 unknown #
vertex $-1 -1 -1 $-1 $190 $546 #
vertex $-1 -1 -1 $-1 $190 $547 #
straight-curve $-1 -1 -1 $-1 0.0099999999999999985 0 0.014999999999999999 0 1 0 I I #
face $-1 -1 -1 $-1 $548 $549 $35 $-1 $69 forward single F T -0.010000000000000002 0.010000000000000002 -0.01 -0.0070000000000000001 #
loop $-1 -1 -1 $-1 $-1 $550 $191 T 0.019999999999999997 0.0060000000000000001 0 0.040000000000000001 0.0070000000000000001 0 unknown #
coedge $-1 -1 -1 $-1 $193 $352 $551 $552 reversed $129 $-1 #
edge $-1 -1 -1 $-1 $553 0.0070000000000000001 $205 0.01 $193 $554 forward @7 unknown T 0.040000000000000001 0.0070000000000000001 0 0.040000000000000001 0.01 0 #
coedge $-1 -1 -1 $-1 $555 $194 $556 $557 reversed $99 $-1 #
coedge $-1 -1 -1 $-1 $196 $556 $194 $340 forward $192 $-1 #
edge $-1 -1 -1 $-1 $558 -0.010000000000000002 $345 0.010000000000000002 $339 $559 forward @7 unknown T 0.019999999999999997 -0.02 0 0.040000000000000001 -0.02 0 #
coedge $-1 -1 -1 $-1 $195 $560 $561 $562 reversed $99 $-1 #
coedge $-1 -1 -1 $-1 $563 $564 $195 $343 forward $549 $-1 #
edge $-1 -1 -1 $-1 $346 -0.01 $565 -0.0070000000000000001 $342 $566 forward @7 unknown T 0.040000000000000001 -0.01 0 0.040000000000000001 -0.0070000000000000001 0 #
coedge $-1 -1 -1 $-1 $556 $196 $564 $567 reversed $192 $-1 #
vertex $-1 -1 -1 $-1 $340 $568 #
vertex $-1 -1 -1 $-1 $567 $569 #
straight-curve $-1 -1 -1 $-1 0.040000000000000001 0 0 0 1 -0 I I #
coedge $-1 -1 -1 $-1 $199 $570 $198 $349 reversed $204 $-1 #
edge $-1 -1 -1 $-1 $350 -0.02 $353 -0.01 $198 $571 forward @7 unknown T 0.019999999999999997 0.01 0 0.019999999999999997 0.02 0 #
vertex $-1 -1 -1 $-1 $349 $572 #
straight-curve $-1 -1 -1 $-1 0.029999999999999999 0.02 0 -1 0 0 I I #
coedge $-1 -1 -1 $-1 $336 $201 $570 $573 forward $129 $-1 #
vertex $-1 -1 -1 $-1 $573 $574 #
straight-curve $-1 -1 -1 $-1 0.029999999999999999 0.01 0 -1 0 0 I I #
coedge $-1 -1 -1 $-1 $575 $203 $550 $576 reversed $204 $-1 #
face $-1 -1 -1 $-1 $577 $204 $35 $-1 $69 forward single F T -0.029999999999999999 0.029999999999999999 0.0050000000000000001 0.050000000000000003 #
point $-1 -1 -1 $-1 0.040000000000000001 0.01 0 #
point $-1 -1 -1 $-1 0.040000000000000001 0.02 0 #
face $-1 -1 -1 $-1 $578 $579 $37 $-1 $361 reversed single T 0 0.0050000000000000001 0 0.019999999999999997 0.0050000000000000001 0.029999999999999999 F #
loop $-1 -1 -1 $-1 $-1 $580 $208 T 0.040000000000000001 0.0050000000000000001 0 0.059999999999999998 0.0050000000000000001 0.029999999999999999 unknown #
plane-surface $-1 -1 -1 $-1 0.029999999999999999 0.0050000000000000001 0.014999999999999999 0 -1 0 0 0 -1 forward_v I I I I #
coedge $-1 -1 -1 $-1 $581 $367 $582 $583 reversed $209 $-1 #
coedge $-1 -1 -1 $-1 $210 $381 $584 $585 forward $136 $-1 #
coedge $-1 -1 -1 $-1 $586 $384 $210 $365 forward $587 $-1 #
edge $-1 -1 -1 $-1 $224 -0.0050000000000000001 $588 0.0050000000000000001 $364 $589 forward @7 unknown T 0.040000000000000001 -0.0050000000000000001 0.029999999999999999 0.040000000000000001 0.0050000000000000001 0.029999999999999999 #
coedge $-1 -1 -1 $-1 $212 $211 $590 $591 forward $102 $-1 #
coedge $-1 -1 -1 $-1 $362 $592 $211 $368 forward $209 $-1 #
edge $-1 -1 -1 $-1 $593 -0.029999999999999999 $371 -0.010000000000000002 $211 $383 forward @7 unknown T 0 -0.0050000000000000001 0.029999999999999999 0.019999999999999997 -0.0050000000000000001 0.029999999999999999 #
coedge $-1 -1 -1 $-1 $594 $376 $212 $370 forward $378 $-1 #
edge $-1 -1 -1 $-1 $372 0.010000000000000002 $595 0.029999999999999999 $212 $380 forward @7 unknown T 0 -0.0050000000000000001 0 0.019999999999999997 -0.0050000000000000001 0 #
vertex $-1 -1 -1 $-1 $385 $596 #
vertex $-1 -1 -1 $-1 $370 $597 #
straight-curve $-1 -1 -1 $-1 0.019999999999999997 -0.0050000000000000001 0.01525 0 0 -1 I I #
coedge $-1 -1 -1 $-1 $598 $599 $215 $375 forward $600 $-1 #
edge $601 -1 -1 $-1 $382 -0.014999999999999999 $379 0.014999999999999999 $374 $602 forward @7 unknown T 0.059999999999999998 -0.0050000000000000001 0 0.059999999999999998 -0.0050000000000000001 0.029999999999999999 #
coedge $-1 -1 -1 $-1 $369 $216 $221 $386 forward $378 $-1 #
coedge $-1 -1 -1 $-1 $216 $603 $598 $604 forward $378 $-1 #
loop $-1 -1 -1 $-1 $-1 $377 $605 T 0 -0.0050000000000000001 0 0.059999999999999998 0.0050000000000000001 0 unknown #
vertex $-1 -1 -1 $-1 $375 $606 #
straight-curve $-1 -1 -1 $-1 0.029999999999999999 -0.0050000000000000001 0 -1 0 0 I I #
coedge $-1 -1 -1 $-1 $363 $218 $599 $607 forward $136 $-1 #
vertex $-1 -1 -1 $-1 $607 $608 #
straight-curve $-1 -1 -1 $-1 0.029999999999999999 -0.0050000000000000001 0.029999999999999999 1 0 0 I I #
coedge $-1 -1 -1 $-1 $364 $582 $220 $385 forward $587 $-1 #
edge $-1 -1 -1 $-1 $371 -0.010000000000000002 $224 0.010000000000000002 $220 $383 forward @7 unknown T 0.019999999999999997 -0.0050000000000000001 0.029999999999999999 0.040000000000000001 -0.0050000000000000001 0.029999999999999999 #
edge $-1 -1 -1 $-1 $223 -0.010000000000000002 $372 0.010000000000000002 $221 $380 forward @7 unknown T 0.019999999999999997 -0.0050000000000000001 0 0.040000000000000001 -0.0050000000000000001 0 #
face $-1 -1 -1 $-1 $609 $222 $37 $-1 $73 reversed single T 0.019999999999999997 -0.0050000000000000001 0 0.040000000000000001 -0.0050000000000000001 0.029999999999999999 F #
point $-1 -1 -1 $-1 0.040000000000000001 -0.0050000000000000001 0 #
point $-1 -1 -1 $-1 0.040000000000000001 -0.0050000000000000001 0.029999999999999999 #
face $-1 -1 -1 $-1 $610 $611 $39 $-1 $392 reversed single T 0.019999999999999997 0.0050000000000000001 0 0.040000000000000001 0.0060000000000000001 0 T -0.010000000000000002 0.010000000000000002 0.0050000000000000001 0.0060000000000000001 #
loop $-1 -1 -1 $-1 $-1 $236 $226 T 0.019999999999999997 -0.0060000000000000001 0 0.040000000000000001 -0.0050000000000000001 0 unknown #
plane-surface $-1 -1 -1 $-1 0.029999999999999999 0 0 0 0 1 1 0 0 forward_v I I I I #
coedge $-1 -1 -1 $-1 $232 $612 $229 $396 forward $227 $-1 #
coedge $-1 -1 -1 $-1 $613 $229 $614 $615 forward $144 $-1 #
coedge $-1 -1 -1 $-1 $229 $613 $230 $398 forward $144 $-1 #
edge $616 -1 -1 $-1 $617 -0.01525 $400 0.014749999999999999 $393 $618 forward @7 unknown T 0.019999999999999997 0.0050000000000000001 0 0.019999999999999997 0.0050000000000000001 0.029999999999999999 #
coedge $-1 -1 -1 $-1 $231 $230 $619 $620 reversed $105 $-1 #
edge $621 -1 -1 $-1 $622 -0.010000000000000002 $400 0.010000000000000002 $395 $623 forward @7 unknown T 0.019999999999999997 0.0050000000000000001 0.029999999999999999 0.040000000000000001 0.0050000000000000001 0.029999999999999999 #
name_attrib-gen-attrib $-1 -1 $-1 $-1 $233 2 3 2 1 1 1 1 1 1 1 1 1 1 1 0 1 1 1 @24 convexity_check_required #
vertex $-1 -1 -1 $-1 $233 $624 #
straight-curve $-1 -1 -1 $-1 0.019999999999999997 0 0.029999999999999999 0 -1 0 I I #
coedge $-1 -1 -1 $-1 $619 $625 $234 $403 forward $626 $-1 #
edge $627 -1 -1 $-1 $410 -0.01525 $405 0.014749999999999999 $402 $628 forward @7 unknown T 0.040000000000000001 -0.0050000000000000001 0 0.040000000000000001 -0.0050000000000000001 0.029999999999999999 #
name_attrib-gen-attrib $-1 -1 $-1 $-1 $235 2 3 2 1 1 1 1 1 1 1 1 1 1 1 0 1 1 1 @24 convexity_check_required #
vertex $-1 -1 -1 $-1 $620 $629 #
straight-curve $-1 -1 -1 $-1 0.029999999999999999 -0.0050000000000000001 0.029999999999999999 1 0 0 I I #
coedge $-1 -1 -1 $-1 $630 $236 $625 $631 forward $391 $-1 #
coedge $-1 -1 -1 $-1 $236 $630 $238 $413 forward $391 $-1 #
name_attrib-gen-attrib $-1 -1 $-1 $-1 $237 2 3 2 1 1 1 1 1 1 1 1 1 1 1 0 1 1 1 @24 convexity_check_required #
vertex $-1 -1 -1 $-1 $631 $632 #
straight-curve $-1 -1 -1 $-1 0.029999999999999999 -0.0050000000000000001 0 1 0 0 F -0.029999999999999999 F 0.029999999999999999 #
coedge $-1 -1 -1 $-1 $633 $238 $634 $635 reversed $227 $-1 #
edge $636 -1 -1 $-1 $637 -0.0060000000000000001 $241 -0.0050000000000000001 $238 $638 forward @7 unknown T 0.019999999999999997 -0.0060000000000000001 0 0.019999999999999997 -0.0050000000000000001 0 #
point $-1 -1 -1 $-1 0.019999999999999997 -0.0050000000000000001 0.029999999999999999 #
point $-1 -1 -1 $-1 0.019999999999999997 -0.0050000000000000001 0 #
face $-1 -1 -1 $-1 $639 $640 $41 $-1 $418 reversed single T 0.019999999999999997 0.0060000000000000001 0 0.040000000000000001 0.0070000000000000001 0 T -0.010000000000000002 0.010000000000000002 0.0060000000000000001 0.0070000000000000001 #
loop $-1 -1 -1 $-1 $-1 $422 $243 T 0.019999999999999997 -0.0070000000000000001 0 0.040000000000000001 -0.0060000000000000001 0 unknown #
plane-surface $-1 -1 -1 $-1 0.029999999999999999 0 0 0 0 1 1 0 0 forward_v I I I I #
coedge $-1 -1 -1 $-1 $246 $434 $641 $642 forward $152 $-1 #
edge $643 -1 -1 $-1 $259 -0.01525 $644 0.01575 $255 $645 forward @7 unknown T 0.040000000000000001 0.0060000000000000001 0 0.040000000000000001 0.0060000000000000001 0.031 #
coedge $-1 -1 -1 $-1 $248 $247 $256 $440 reversed $109 $-1 #
coedge $-1 -1 -1 $-1 $646 $647 $248 $423 forward $417 $-1 #
edge $648 -1 -1 $-1 $429 -0.010000000000000002 $649 0.010000000000000002 $422 $650 forward @7 unknown T 0.019999999999999997 -0.0060000000000000001 0 0.040000000000000001 -0.0060000000000000001 0 #
coedge $-1 -1 -1 $-1 $651 $249 $647 $652 reversed $426 $-1 #
coedge $-1 -1 -1 $-1 $249 $653 $251 $431 forward $426 $-1 #
loop $-1 -1 -1 $-1 $-1 $249 $654 T 0.019999999999999997 -0.0070000000000000001 0 0.019999999999999997 0.0070000000000000001 0.032000000000000001 unknown #
name_attrib-gen-attrib $-1 -1 $-1 $-1 $250 2 3 2 1 1 1 1 1 1 1 1 1 1 1 0 1 1 1 @24 convexity_check_required #
vertex $-1 -1 -1 $-1 $431 $655 #
vertex $-1 -1 -1 $-1 $250 $656 #
straight-curve $-1 -1 -1 $-1 0.019999999999999997 -0.0060000000000000001 0.01575 0 0 -1 I I #
edge $657 -1 -1 $-1 $436 -0.0060000000000000001 $428 0.0060000000000000001 $425 $658 forward @7 unknown T 0.019999999999999997 -0.0060000000000000001 0.031 0.019999999999999997 0.0060000000000000001 0.031 #
name_attrib-gen-attrib $-1 -1 $-1 $-1 $252 2 3 2 1 1 1 1 1 1 1 1 1 1 1 0 1 1 1 @24 convexity_check_required #
straight-curve $-1 -1 -1 $-1 0.029999999999999999 -0.0060000000000000001 0.031 1 0 0 I I #
coedge $-1 -1 -1 $-1 $419 $253 $653 $659 reversed $152 $-1 #
name_attrib-gen-attrib $-1 -1 $-1 $-1 $254 2 3 2 1 1 1 1 1 1 1 1 1 1 1 0 1 1 1 @24 convexity_check_required #
vertex $-1 -1 -1 $-1 $431 $660 #
straight-curve $-1 -1 -1 $-1 0.029999999999999999 0.0060000000000000001 0.031 -1 0 0 I I #
coedge $-1 -1 -1 $-1 $661 $255 $662 $663 reversed $244 $-1 #
coedge $-1 -1 -1 $-1 $256 $664 $646 $665 reversed $244 $-1 #
edge $666 -1 -1 $-1 $649 -0.01575 $258 0.01525 $256 $667 forward @7 unknown T 0.040000000000000001 -0.0060000000000000001 0 0.040000000000000001 -0.0060000000000000001 0.031 #
point $-1 -1 -1 $-1 0.040000000000000001 -0.0060000000000000001 0.031 #
point $-1 -1 -1 $-1 0.040000000000000001 0.0060000000000000001 0.031 #
face $-1 -1 -1 $-1 $668 $669 $43 $-1 $445 reversed single T 0.019999999999999997 0.0070000000000000001 0 0.040000000000000001 0.01 0 T -0.010000000000000002 0.010000000000000002 0.0070000000000000001 0.01 #
loop $-1 -1 -1 $-1 $-1 $449 $261 T 0.019999999999999997 -0.01 0 0.040000000000000001 -0.0070000000000000001 0 unknown #
plane-surface $-1 -1 -1 $-1 0.029999999999999999 0 0 0 0 1 1 0 0 forward_v I I I I #
coedge $-1 -1 -1 $-1 $264 $461 $670 $671 forward $160 $-1 #
edge $672 -1 -1 $-1 $277 -0.01525 $673 0.016750000000000001 $273 $674 forward @7 unknown T 0.040000000000000001 0.0070000000000000001 0 0.040000000000000001 0.0070000000000000001 0.032000000000000001 #
coedge $-1 -1 -1 $-1 $266 $265 $274 $467 reversed $113 $-1 #
coedge $-1 -1 -1 $-1 $675 $676 $266 $450 forward $444 $-1 #
edge $677 -1 -1 $-1 $456 -0.010000000000000002 $678 0.010000000000000002 $449 $679 forward @7 unknown T 0.019999999999999997 -0.0070000000000000001 0 0.040000000000000001 -0.0070000000000000001 0 #
coedge $-1 -1 -1 $-1 $680 $267 $676 $681 reversed $453 $-1 #
coedge $-1 -1 -1 $-1 $267 $682 $269 $458 forward $453 $-1 #
loop $-1 -1 -1 $-1 $-1 $267 $683 T 0.019999999999999997 -0.01 0 0.019999999999999997 0.01 0.035000000000000003 unknown #
name_attrib-gen-attrib $-1 -1 $-1 $-1 $268 2 3 2 1 1 1 1 1 1 1 1 1 1 1 0 1 1 1 @24 convexity_check_required #
vertex $-1 -1 -1 $-1 $458 $684 #
vertex $-1 -1 -1 $-1 $268 $685 #
straight-curve $-1 -1 -1 $-1 0.019999999999999997 -0.0070000000000000001 0.016750000000000001 0 0 -1 I I #
edge $686 -1 -1 $-1 $463 -0.0070000000000000001 $455 0.0070000000000000001 $452 $687 forward @7 unknown T 0.019999999999999997 -0.0070000000000000001 0.032000000000000001 0.019999999999999997 0.0070000000000000001 0.032000000000000001 #
name_attrib-gen-attrib $-1 -1 $-1 $-1 $270 2 3 2 1 1 1 1 1 1 1 1 1 1 1 0 1 1 1 @24 convexity_check_required #
straight-curve $-1 -1 -1 $-1 0.029999999999999999 -0.0070000000000000001 0.032000000000000001 1 0 0 I I #
coedge $-1 -1 -1 $-1 $446 $271 $682 $688 reversed $160 $-1 #
name_attrib-gen-attrib $-1 -1 $-1 $-1 $272 2 3 2 1 1 1 1 1 1 1 1 1 1 1 0 1 1 1 @24 convexity_check_required #
vertex $-1 -1 -1 $-1 $458 $689 #
straight-curve $-1 -1 -1 $-1 0.029999999999999999 0.0070000000000000001 0.032000000000000001 -1 0 0 I I #
coedge $-1 -1 -1 $-1 $690 $273 $691 $692 reversed $262 $-1 #
coedge $-1 -1 -1 $-1 $274 $693 $675 $694 reversed $262 $-1 #
edge $695 -1 -1 $-1 $678 -0.016750000000000001 $276 0.01525 $274 $696 forward @7 unknown T 0.040000000000000001 -0.0070000000000000001 0 0.040000000000000001 -0.0070000000000000001 0.032000000000000001 #
point $-1 -1 -1 $-1 0.040000000000000001 -0.0070000000000000001 0.032000000000000001 #
point $-1 -1 -1 $-1 0.040000000000000001 0.0070000000000000001 0.032000000000000001 #
face $-1 -1 -1 $-1 $697 $698 $45 $-1 $472 reversed single T 0.019999999999999997 0.01 0 0.040000000000000001 0.02 0 T -0.010000000000000002 0.010000000000000002 0.01 0.02 #
loop $-1 -1 -1 $-1 $-1 $476 $279 T 0.019999999999999997 -0.02 0 0.040000000000000001 -0.01 0 unknown #
plane-surface $-1 -1 -1 $-1 0.029999999999999999 0 0 0 0 1 1 0 0 forward_v I I I I #
coedge $-1 -1 -1 $-1 $282 $486 $699 $700 forward $168 $-1 #
edge $-1 -1 -1 $-1 $294 -0.014999999999999999 $701 0.020000000000000004 $291 $702 forward @7 unknown T 0.040000000000000001 0.01 0 0.040000000000000001 0.01 0.035000000000000003 #
coedge $-1 -1 -1 $-1 $284 $283 $292 $491 reversed $117 $-1 #
coedge $-1 -1 -1 $-1 $703 $704 $284 $477 forward $471 $-1 #
edge $-1 -1 -1 $-1 $482 -0.010000000000000002 $705 0.010000000000000002 $476 $706 forward @7 unknown T 0.019999999999999997 -0.01 0 0.040000000000000001 -0.01 0 #
coedge $-1 -1 -1 $-1 $707 $285 $704 $708 reversed $480 $-1 #
coedge $-1 -1 -1 $-1 $285 $709 $287 $484 forward $480 $-1 #
loop $-1 -1 -1 $-1 $-1 $285 $710 T 0.019999999999999997 -0.02 0 0.019999999999999997 0.02 0.045000000000000005 unknown #
vertex $-1 -1 -1 $-1 $484 $711 #
vertex $-1 -1 -1 $-1 $286 $712 #
straight-curve $-1 -1 -1 $-1 0.019999999999999997 -0.01 0.020000000000000004 0 0 -1 I I #
edge $-1 -1 -1 $-1 $487 -0.01 $481 0.01 $479 $713 forward @7 unknown T 0.019999999999999997 -0.01 0.035000000000000003 0.019999999999999997 0.01 0.035000000000000003 #
straight-curve $-1 -1 -1 $-1 0.029999999999999999 -0.01 0.035000000000000003 1 0 0 I I #
coedge $-1 -1 -1 $-1 $473 $289 $709 $714 reversed $168 $-1 #
vertex $-1 -1 -1 $-1 $484 $715 #
straight-curve $-1 -1 -1 $-1 0.029999999999999999 0.01 0.035000000000000003 -1 0 0 I I #
coedge $-1 -1 -1 $-1 $716 $291 $717 $718 reversed $280 $-1 #
coedge $-1 -1 -1 $-1 $292 $719 $703 $720 reversed $280 $-1 #
edge $-1 -1 -1 $-1 $705 -0.020000000000000004 $293 0.014999999999999999 $292 $721 forward @7 unknown T 0.040000000000000001 -0.01 0 0.040000000000000001 -0.01 0.035000000000000003 #
point $-1 -1 -1 $-1 0.040000000000000001 -0.01 0.035000000000000003 #
point $-1 -1 -1 $-1 0.040000000000000001 0.01 0.035000000000000003 #
face $-1 -1 -1 $-1 $-1 $311 $47 $-1 $722 reversed single F F #
loop $-1 -1 -1 $-1 $-1 $510 $296 T -0.01 0.050000000000000003 -0.014999999999999999 0.01 0.050000000000000003 0.014999999999999999 unknown #
plane-surface $-1 -1 -1 $-1 0 0.050000000000000003 0 0 -1 0 0 0 -1 forward_v I I I I #
coedge $-1 -1 -1 $-1 $723 $508 $511 $724 forward $297 $-1 #
coedge $-1 -1 -1 $-1 $514 $299 $300 $502 reversed $176 $-1 #
coedge $-1 -1 -1 $-1 $508 $723 $299 $500 reversed $297 $-1 #
edge $-1 -1 -1 $-1 $515 -0.014999999999999999 $725 0.014999999999999999 $499 $726 forward @7 unknown T -0.01 -0.050000000000000003 -0.014999999999999999 -0.01 -0.050000000000000003 0.014999999999999999 #
coedge $-1 -1 -1 $-1 $301 $300 $723 $727 forward $121 $-1 #
edge $-1 -1 -1 $-1 $506 -0.01 $725 0.01 $498 $728 forward @7 unknown T -0.01 -0.050000000000000003 -0.014999999999999999 0.01 -0.050000000000000003 -0.014999999999999999 #
coedge $-1 -1 -1 $-1 $511 $510 $301 $504 reversed $495 $-1 #
edge $-1 -1 -1 $-1 $729 -0.01 $505 0.01 $503 $730 forward @7 unknown T -0.01 0.050000000000000003 -0.014999999999999999 0.01 0.050000000000000003 -0.014999999999999999 #
vertex $-1 -1 -1 $-1 $303 $731 #
vertex $-1 -1 -1 $-1 $517 $732 #
straight-curve $-1 -1 -1 $-1 0.01 0 -0.014999999999999999 0 -1 0 I I #
coedge $-1 -1 -1 $-1 $497 $499 $304 $509 reversed $297 $-1 #
edge $-1 -1 -1 $-1 $512 -0.050000000000000003 $515 0.050000000000000003 $508 $733 forward @7 unknown T -0.01 -0.050000000000000003 0.014999999999999999 -0.01 0.050000000000000003 0.014999999999999999 #
coedge $-1 -1 -1 $-1 $503 $305 $310 $518 forward $495 $-1 #
coedge $-1 -1 -1 $-1 $305 $503 $497 $724 reversed $495 $-1 #
vertex $-1 -1 -1 $-1 $306 $734 #
straight-curve $-1 -1 -1 $-1 0 0.050000000000000003 0.014999999999999999 -1 0 0 I I #
coedge $-1 -1 -1 $-1 $307 $498 $309 $517 reversed $176 $-1 #
vertex $-1 -1 -1 $-1 $509 $735 #
straight-curve $-1 -1 -1 $-1 0 -0.050000000000000003 0.014999999999999999 1 0 0 I I #
edge $-1 -1 -1 $-1 $312 -0.014999999999999999 $506 0.014999999999999999 $309 $736 forward @7 unknown T 0.01 -0.050000000000000003 -0.014999999999999999 0.01 -0.050000000000000003 0.014999999999999999 #
edge $-1 -1 -1 $-1 $313 -0.014999999999999999 $505 0.014999999999999999 $310 $737 forward @7 unknown T 0.01 0.050000000000000003 -0.014999999999999999 0.01 0.050000000000000003 0.014999999999999999 #
point $-1 -1 -1 $-1 0.01 -0.050000000000000003 0.014999999999999999 #
point $-1 -1 -1 $-1 0.01 0.050000000000000003 0.014999999999999999 #
face $-1 -1 -1 $-1 $-1 $330 $49 $-1 $738 reversed single F F #
loop $-1 -1 -1 $-1 $-1 $537 $315 T -0.0099999999999999985 0.050000000000000003 -0.014999999999999999 0.0099999999999999985 0.050000000000000003 0.014999999999999999 unknown #
plane-surface $-1 -1 -1 $-1 0 0.050000000000000003 0 0 -1 0 0 0 -1 forward_v I I I I #
coedge $-1 -1 -1 $-1 $739 $535 $538 $740 forward $316 $-1 #
coedge $-1 -1 -1 $-1 $541 $318 $319 $529 reversed $184 $-1 #
coedge $-1 -1 -1 $-1 $535 $739 $318 $527 reversed $316 $-1 #
edge $-1 -1 -1 $-1 $542 -0.014999999999999999 $741 0.014999999999999999 $526 $742 forward @7 unknown T -0.0099999999999999985 -0.050000000000000003 -0.014999999999999999 -0.0099999999999999985 -0.050000000000000003 0.014999999999999999 #
coedge $-1 -1 -1 $-1 $320 $319 $739 $743 forward $125 $-1 #
edge $-1 -1 -1 $-1 $533 -0.0099999999999999985 $741 0.0099999999999999985 $525 $744 forward @7 unknown T -0.0099999999999999985 -0.050000000000000003 -0.014999999999999999 0.0099999999999999985 -0.050000000000000003 -0.014999999999999999 #
coedge $-1 -1 -1 $-1 $538 $537 $320 $531 reversed $522 $-1 #
edge $-1 -1 -1 $-1 $745 -0.0099999999999999985 $532 0.0099999999999999985 $530 $746 forward @7 unknown T -0.0099999999999999985 0.050000000000000003 -0.014999999999999999 0.0099999999999999985 0.050000000000000003 -0.014999999999999999 #
vertex $-1 -1 -1 $-1 $322 $747 #
vertex $-1 -1 -1 $-1 $544 $748 #
straight-curve $-1 -1 -1 $-1 0.0099999999999999985 0 -0.014999999999999999 0 -1 0 I I #
coedge $-1 -1 -1 $-1 $524 $526 $323 $536 reversed $316 $-1 #
edge $-1 -1 -1 $-1 $539 -0.050000000000000003 $542 0.050000000000000003 $535 $749 forward @7 unknown T -0.0099999999999999985 -0.050000000000000003 0.014999999999999999 -0.0099999999999999985 0.050000000000000003 0.014999999999999999 #
coedge $-1 -1 -1 $-1 $530 $324 $329 $545 forward $522 $-1 #
coedge $-1 -1 -1 $-1 $324 $530 $524 $740 reversed $522 $-1 #
vertex $-1 -1 -1 $-1 $325 $750 #
straight-curve $-1 -1 -1 $-1 0 0.050000000000000003 0.014999999999999999 -1 0 0 I I #
coedge $-1 -1 -1 $-1 $326 $525 $328 $544 reversed $184 $-1 #
vertex $-1 -1 -1 $-1 $536 $751 #
straight-curve $-1 -1 -1 $-1 0 -0.050000000000000003 0.014999999999999999 1 0 0 I I #
edge $-1 -1 -1 $-1 $331 -0.014999999999999999 $533 0.014999999999999999 $328 $752 forward @7 unknown T 0.0099999999999999985 -0.050000000000000003 -0.014999999999999999 0.0099999999999999985 -0.050000000000000003 0.014999999999999999 #
edge $-1 -1 -1 $-1 $332 -0.014999999999999999 $532 0.014999999999999999 $329 $753 forward @7 unknown T 0.0099999999999999985 0.050000000000000003 -0.014999999999999999 0.0099999999999999985 0.050000000000000003 0.014999999999999999 #
point $-1 -1 -1 $-1 0.0099999999999999985 -0.050000000000000003 0.014999999999999999 #
point $-1 -1 -1 $-1 0.0099999999999999985 0.050000000000000003 0.014999999999999999 #
face $-1 -1 -1 $-1 $754 $755 $35 $-1 $69 forward single F T -0.010000000000000002 0.010000000000000002 0.0050000000000000001 0.0060000000000000001 #
loop $-1 -1 -1 $-1 $-1 $342 $334 T 0.019999999999999997 -0.01 0 0.040000000000000001 -0.0070000000000000001 0 unknown #
coedge $-1 -1 -1 $-1 $551 $756 $355 $576 forward $335 $-1 #
coedge $-1 -1 -1 $-1 $757 $550 $336 $552 forward $335 $-1 #
edge $-1 -1 -1 $-1 $553 -0.010000000000000002 $758 0.010000000000000002 $551 $759 forward @7 unknown T 0.019999999999999997 0.0070000000000000001 0 0.040000000000000001 0.0070000000000000001 0 #
vertex $-1 -1 -1 $-1 $576 $760 #
straight-curve $-1 -1 -1 $-1 0.040000000000000001 0 0 0 1 -0 I I #
coedge $-1 -1 -1 $-1 $761 $338 $762 $763 reversed $99 $-1 #
coedge $-1 -1 -1 $-1 $339 $344 $338 $557 forward $192 $-1 #
edge $-1 -1 -1 $-1 $764 0.01 $558 0.02 $556 $765 forward @7 unknown T 0.019999999999999997 -0.02 0 0.019999999999999997 -0.01 0 #
vertex $-1 -1 -1 $-1 $340 $766 #
straight-curve $-1 -1 -1 $-1 0.029999999999999999 -0.02 0 1 0 0 I I #
coedge $-1 -1 -1 $-1 $341 $767 $768 $769 reversed $99 $-1 #
coedge $-1 -1 -1 $-1 $770 $771 $341 $562 forward $772 $-1 #
edge $-1 -1 -1 $-1 $565 -0.0070000000000000001 $773 -0.0060000000000000001 $561 $774 forward @7 unknown T 0.040000000000000001 -0.0070000000000000001 0 0.040000000000000001 -0.0060000000000000001 0 #
coedge $-1 -1 -1 $-1 $762 $342 $771 $775 reversed $549 $-1 #
coedge $-1 -1 -1 $-1 $342 $762 $344 $567 forward $549 $-1 #
vertex $-1 -1 -1 $-1 $775 $776 #
straight-curve $-1 -1 -1 $-1 0.040000000000000001 0 0 0 1 -0 I I #
edge $-1 -1 -1 $-1 $764 -0.010000000000000002 $346 0.010000000000000002 $564 $777 forward @7 unknown T 0.019999999999999997 -0.01 0 0.040000000000000001 -0.01 0 #
point $-1 -1 -1 $-1 0.040000000000000001 -0.02 0 #
point $-1 -1 -1 $-1 0.040000000000000001 -0.01 0 #
coedge $-1 -1 -1 $-1 $348 $778 $352 $573 reversed $204 $-1 #
straight-curve $-1 -1 -1 $-1 0.019999999999999997 0 0 0 -1 0 I I #
point $-1 -1 -1 $-1 0.019999999999999997 0.02 0 #
edge $-1 -1 -1 $-1 $353 -0.01 $758 -0.0070000000000000001 $352 $779 forward @7 unknown T 0.019999999999999997 0.0070000000000000001 0 0.019999999999999997 0.01 0 #
point $-1 -1 -1 $-1 0.019999999999999997 0.01 0 #
coedge $-1 -1 -1 $-1 $780 $355 $781 $782 reversed $204 $-1 #
edge $-1 -1 -1 $-1 $783 0.0060000000000000001 $553 0.0070000000000000001 $550 $784 forward @7 unknown T 0.040000000000000001 0.0060000000000000001 0 0.040000000000000001 0.0070000000000000001 0 #
face $-1 -1 -1 $-1 $785 $786 $35 $-1 $787 reversed single F T -0.029999999999999999 0.029999999999999999 -0.050000000000000003 0.050000000000000003 #
face $-1 -1 -1 $-1 $605 $587 $37 $-1 $137 forward single T 0.019999999999999997 -0.0050000000000000001 0.029999999999999999 0.040000000000000001 0.0050000000000000001 0.029999999999999999 T -0.010000000000000002 0.010000000000000002 -0.0050000000000000001 0.0050000000000000001 #
loop $-1 -1 -1 $-1 $-1 $788 $359 T 0 0.0050000000000000001 0 0.019999999999999997 0.0050000000000000001 0.029999999999999999 unknown #
coedge $-1 -1 -1 $-1 $584 $789 $790 $791 reversed $360 $-1 #
coedge $-1 -1 -1 $-1 $592 $362 $792 $793 forward $209 $-1 #
coedge $-1 -1 -1 $-1 $384 $586 $362 $583 forward $587 $-1 #
edge $-1 -1 -1 $-1 $794 -0.0050000000000000001 $371 0.0050000000000000001 $582 $795 forward @7 unknown T 0.019999999999999997 -0.0050000000000000001 0.029999999999999999 0.019999999999999997 0.0050000000000000001 0.029999999999999999 #
coedge $-1 -1 -1 $-1 $796 $580 $363 $585 reversed $360 $-1 #
edge $-1 -1 -1 $-1 $797 -0.029999999999999999 $588 -0.010000000000000002 $584 $798 forward @7 unknown T 0.040000000000000001 0.0050000000000000001 0.029999999999999999 0.059999999999999998 0.0050000000000000001 0.029999999999999999 #
coedge $-1 -1 -1 $-1 $582 $364 $799 $800 forward $587 $-1 #
loop $-1 -1 -1 $-1 $-1 $582 $578 T 0.019999999999999997 -0.0050000000000000001 0.029999999999999999 0.040000000000000001 0.0050000000000000001 0.029999999999999999 unknown #
vertex $-1 -1 -1 $-1 $800 $801 #
straight-curve $-1 -1 -1 $-1 0.040000000000000001 0 0.029999999999999999 0 1 -0 I I #
coedge $-1 -1 -1 $-1 $802 $803 $366 $591 reversed $804 $-1 #
edge $805 -1 -1 $-1 $593 -0.014999999999999999 $595 0.014999999999999999 $590 $806 forward @7 unknown T 0 -0.0050000000000000001 0 0 -0.0050000000000000001 0.029999999999999999 #
coedge $-1 -1 -1 $-1 $367 $581 $802 $807 forward $209 $-1 #
vertex $-1 -1 -1 $-1 $807 $808 #
coedge $-1 -1 -1 $-1 $809 $369 $803 $810 forward $378 $-1 #
vertex $-1 -1 -1 $-1 $810 $811 #
point $-1 -1 -1 $-1 0.019999999999999997 -0.0050000000000000001 0.029999999999999999 #
point $-1 -1 -1 $-1 0.019999999999999997 -0.0050000000000000001 0 #
coedge $-1 -1 -1 $-1 $812 $374 $377 $604 reversed $600 $-1 #
coedge $-1 -1 -1 $-1 $374 $812 $381 $607 reversed $600 $-1 #
loop $-1 -1 -1 $-1 $-1 $374 $813 T 0.059999999999999998 -0.0050000000000000001 0 0.059999999999999998 0.0050000000000000001 0.029999999999999999 unknown #
no_merge_attribute-st-attrib $-1 -1 $-1 $-1 $375 1 1 1 1 1 1 1 1 1 1 1 1 1 1 0 1 1 1 #
straight-curve $-1 -1 -1 $-1 0.059999999999999998 -0.0050000000000000001 0.014999999999999999 0 0 -1 I I #
coedge $-1 -1 -1 $-1 $377 $814 $789 $815 forward $378 $-1 #
edge $816 -1 -1 $-1 $817 -0.0050000000000000001 $379 0.0050000000000000001 $598 $818 forward @7 unknown T 0.059999999999999998 -0.0050000000000000001 0 0.059999999999999998 0.0050000000000000001 0 #
face $-1 -1 -1 $-1 $387 $378 $37 $-1 $819 reversed single F F #
point $-1 -1 -1 $-1 0.059999999999999998 -0.0050000000000000001 0 #
edge $820 -1 -1 $-1 $382 -0.0050000000000000001 $797 0.0050000000000000001 $599 $821 forward @7 unknown T 0.059999999999999998 -0.0050000000000000001 0.029999999999999999 0.059999999999999998 0.0050000000000000001 0.029999999999999999 #
point $-1 -1 -1 $-1 0.059999999999999998 -0.0050000000000000001 0.029999999999999999 #
face $822 -1 -1 $-1 $823 $804 $37 $-1 $824 reversed single T 0 -0.0050000000000000001 0 0 0.0050000000000000001 0.029999999999999999 F #
face $-1 -1 -1 $-1 $825 $826 $39 $-1 $827 forward single T 0.019999999999999997 -0.0060000000000000001 0.031 0.040000000000000001 0.0060000000000000001 0.031 T -0.010000000000000002 0.010000000000000002 -0.0060000000000000001 0.0060000000000000001 #
loop $-1 -1 -1 $-1 $-1 $614 $390 T 0.019999999999999997 0.0050000000000000001 0 0.040000000000000001 0.0060000000000000001 0 unknown #
coedge $-1 -1 -1 $-1 $393 $828 $829 $830 reversed $227 $-1 #
coedge $-1 -1 -1 $-1 $395 $394 $831 $832 reversed $144 $-1 #
coedge $-1 -1 -1 $-1 $829 $833 $394 $615 reversed $611 $-1 #
edge $834 -1 -1 $-1 $617 -0.010000000000000002 $835 0.010000000000000002 $614 $836 forward @7 unknown T 0.019999999999999997 0.0050000000000000001 0 0.040000000000000001 0.0050000000000000001 0 #
name_attrib-gen-attrib $-1 -1 $-1 $-1 $396 2 3 2 1 1 1 1 1 1 1 1 1 1 1 0 1 1 1 @24 convexity_check_required #
vertex $-1 -1 -1 $-1 $830 $837 #
straight-curve $-1 -1 -1 $-1 0.019999999999999997 0.0050000000000000001 0.01525 -0 0 1 I I #
coedge $-1 -1 -1 $-1 $831 $402 $397 $620 forward $626 $-1 #
edge $838 -1 -1 $-1 $405 -0.0050000000000000001 $622 0.0050000000000000001 $619 $839 forward @7 unknown T 0.040000000000000001 -0.0050000000000000001 0.029999999999999999 0.040000000000000001 0.0050000000000000001 0.029999999999999999 #
name_attrib-gen-attrib $-1 -1 $-1 $-1 $398 2 3 2 1 1 1 1 1 1 1 1 1 1 1 0 1 1 1 @24 convexity_check_required #
vertex $-1 -1 -1 $-1 $620 $840 #
straight-curve $-1 -1 -1 $-1 0.029999999999999999 0.0050000000000000001 0.029999999999999999 -1 0 0 I I #
point $-1 -1 -1 $-1 0.019999999999999997 0.0050000000000000001 0.029999999999999999 #
coedge $-1 -1 -1 $-1 $402 $841 $407 $631 reversed $626 $-1 #
loop $-1 -1 -1 $-1 $-1 $831 $842 T 0.040000000000000001 -0.0060000000000000001 0 0.040000000000000001 0.0060000000000000001 0.031 unknown #
name_attrib-gen-attrib $-1 -1 $-1 $-1 $403 2 3 2 1 1 1 1 1 1 1 1 1 1 1 0 1 1 1 @24 convexity_check_required #
straight-curve $-1 -1 -1 $-1 0.040000000000000001 -0.0050000000000000001 0.01525 0 -0 1 I I #
point $-1 -1 -1 $-1 0.040000000000000001 -0.0050000000000000001 0.029999999999999999 #
coedge $-1 -1 -1 $-1 $408 $407 $843 $844 forward $391 $-1 #
edge $845 -1 -1 $-1 $410 0.0050000000000000001 $846 0.0060000000000000001 $625 $847 forward @7 unknown T 0.040000000000000001 -0.0060000000000000001 0 0.040000000000000001 -0.0050000000000000001 0 #
point $-1 -1 -1 $-1 0.040000000000000001 -0.0050000000000000001 0 #
coedge $-1 -1 -1 $-1 $828 $412 $848 $849 reversed $227 $-1 #
coedge $-1 -1 -1 $-1 $843 $850 $412 $635 forward $851 $-1 #
edge $-1 -1 -1 $-1 $852 -0.0155 $637 0.0155 $412 $853 forward @7 unknown T 0.019999999999999997 -0.0060000000000000001 0 0.019999999999999997 -0.0060000000000000001 0.031 #
name_attrib-gen-attrib $-1 -1 $-1 $-1 $413 2 3 2 1 1 1 1 1 1 1 1 1 1 1 0 1 1 1 @24 convexity_check_required #
vertex $-1 -1 -1 $-1 $413 $854 #
straight-curve $-1 -1 -1 $-1 0.019999999999999997 0 0 0 1 0 I I #
face $-1 -1 -1 $-1 $855 $856 $41 $-1 $857 forward single T 0.019999999999999997 -0.0070000000000000001 0.032000000000000001 0.040000000000000001 0.0070000000000000001 0.032000000000000001 T -0.010000000000000002 0.010000000000000002 -0.0070000000000000001 0.0070000000000000001 #
loop $-1 -1 -1 $-1 $-1 $641 $416 T 0.019999999999999997 0.0060000000000000001 0 0.040000000000000001 0.0070000000000000001 0 unknown #
coedge $-1 -1 -1 $-1 $858 $662 $419 $642 reversed $640 $-1 #
edge $859 -1 -1 $-1 $860 -0.010000000000000002 $644 0.010000000000000002 $641 $861 forward @7 unknown T 0.019999999999999997 0.0060000000000000001 0 0.040000000000000001 0.0060000000000000001 0 #
name_attrib-gen-attrib $-1 -1 $-1 $-1 $420 2 3 2 1 1 1 1 1 1 1 1 1 1 1 0 1 1 1 @24 convexity_check_required #
vertex $-1 -1 -1 $-1 $420 $862 #
straight-curve $-1 -1 -1 $-1 0.040000000000000001 0.0060000000000000001 0.01575 -0 -0 -1 I I #
coedge $-1 -1 -1 $-1 $863 $422 $439 $665 forward $417 $-1 #
coedge $-1 -1 -1 $-1 $422 $863 $424 $652 forward $417 $-1 #
name_attrib-gen-attrib $-1 -1 $-1 $-1 $423 2 3 2 1 1 1 1 1 1 1 1 1 1 1 0 1 1 1 @24 convexity_check_required #
vertex $-1 -1 -1 $-1 $665 $864 #
straight-curve $-1 -1 -1 $-1 0.029999999999999999 -0.0060000000000000001 0 1 0 0 F -0.010000000000000002 F 0.010000000000000002 #
coedge $-1 -1 -1 $-1 $865 $424 $866 $867 reversed $426 $-1 #
edge $868 -1 -1 $-1 $869 -0.0070000000000000001 $429 -0.0060000000000000001 $424 $870 forward @7 unknown T 0.019999999999999997 -0.0070000000000000001 0 0.019999999999999997 -0.0060000000000000001 0 #
coedge $-1 -1 -1 $-1 $425 $871 $434 $659 forward $426 $-1 #
face $-1 -1 -1 $-1 $872 $426 $41 $-1 $873 reversed single T 0.019999999999999997 -0.0070000000000000001 0 0.019999999999999997 0.0070000000000000001 0.032000000000000001 F #
point $-1 -1 -1 $-1 0.019999999999999997 -0.0060000000000000001 0.031 #
point $-1 -1 -1 $-1 0.019999999999999997 -0.0060000000000000001 0 #
name_attrib-gen-attrib $-1 -1 $-1 $-1 $431 2 3 2 1 1 1 1 1 1 1 1 1 1 1 0 1 1 1 @24 convexity_check_required #
straight-curve $-1 -1 -1 $-1 0.019999999999999997 0 0.031 0 -1 0 I I #
edge $874 -1 -1 $-1 $860 -0.01575 $436 0.01525 $653 $875 forward @7 unknown T 0.019999999999999997 0.0060000000000000001 0 0.019999999999999997 0.0060000000000000001 0.031 #
point $-1 -1 -1 $-1 0.019999999999999997 0.0060000000000000001 0.031 #
coedge $-1 -1 -1 $-1 $876 $438 $877 $878 reversed $244 $-1 #
coedge $-1 -1 -1 $-1 $641 $879 $438 $663 forward $640 $-1 #
edge $880 -1 -1 $-1 $881 -0.0070000000000000001 $644 -0.0060000000000000001 $438 $882 forward @7 unknown T 0.040000000000000001 0.0060000000000000001 0 0.040000000000000001 0.0070000000000000001 0 #
coedge $-1 -1 -1 $-1 $439 $876 $883 $884 forward $244 $-1 #
edge $885 -1 -1 $-1 $649 0.0060000000000000001 $886 0.0070000000000000001 $439 $887 forward @7 unknown T 0.040000000000000001 -0.0070000000000000001 0 0.040000000000000001 -0.0060000000000000001 0 #
name_attrib-gen-attrib $-1 -1 $-1 $-1 $440 2 3 2 1 1 1 1 1 1 1 1 1 1 1 0 1 1 1 @24 convexity_check_required #
straight-curve $-1 -1 -1 $-1 0.040000000000000001 -0.0060000000000000001 0.01575 0 -0 1 I I #
face $-1 -1 -1 $-1 $888 $889 $43 $-1 $890 forward single T 0.019999999999999997 -0.01 0.035000000000000003 0.040000000000000001 0.01 0.035000000000000003 T -0.010000000000000002 0.010000000000000002 -0.01 0.01 #
loop $-1 -1 -1 $-1 $-1 $670 $443 T 0.019999999999999997 0.0070000000000000001 0 0.040000000000000001 0.01 0 unknown #
coedge $-1 -1 -1 $-1 $891 $691 $446 $671 reversed $669 $-1 #
edge $892 -1 -1 $-1 $893 -0.010000000000000002 $673 0.010000000000000002 $670 $894 forward @7 unknown T 0.019999999999999997 0.0070000000000000001 0 0.040000000000000001 0.0070000000000000001 0 #
name_attrib-gen-attrib $-1 -1 $-1 $-1 $447 2 3 2 1 1 1 1 1 1 1 1 1 1 1 0 1 1 1 @24 convexity_check_required #
vertex $-1 -1 -1 $-1 $447 $895 #
straight-curve $-1 -1 -1 $-1 0.040000000000000001 0.0070000000000000001 0.016750000000000001 -0 -0 -1 I I #
coedge $-1 -1 -1 $-1 $896 $449 $466 $694 forward $444 $-1 #
coedge $-1 -1 -1 $-1 $449 $896 $451 $681 forward $444 $-1 #
name_attrib-gen-attrib $-1 -1 $-1 $-1 $450 2 3 2 1 1 1 1 1 1 1 1 1 1 1 0 1 1 1 @24 convexity_check_required #
vertex $-1 -1 -1 $-1 $694 $897 #
straight-curve $-1 -1 -1 $-1 0.029999999999999999 -0.0070000000000000001 0 1 0 0 F -0.010000000000000002 F 0.010000000000000002 #
coedge $-1 -1 -1 $-1 $898 $451 $899 $900 reversed $453 $-1 #
edge $901 -1 -1 $-1 $902 -0.01 $456 -0.0070000000000000001 $451 $903 forward @7 unknown T 0.019999999999999997 -0.01 0 0.019999999999999997 -0.0070000000000000001 0 #
coedge $-1 -1 -1 $-1 $452 $904 $461 $688 forward $453 $-1 #
face $-1 -1 -1 $-1 $905 $453 $43 $-1 $906 reversed single T 0.019999999999999997 -0.01 0 0.019999999999999997 0.01 0.035000000000000003 F #
point $-1 -1 -1 $-1 0.019999999999999997 -0.0070000000000000001 0.032000000000000001 #
point $-1 -1 -1 $-1 0.019999999999999997 -0.0070000000000000001 0 #
name_attrib-gen-attrib $-1 -1 $-1 $-1 $458 2 3 2 1 1 1 1 1 1 1 1 1 1 1 0 1 1 1 @24 convexity_check_required #
straight-curve $-1 -1 -1 $-1 0.019999999999999997 0 0.032000000000000001 0 -1 0 I I #
edge $907 -1 -1 $-1 $893 -0.016750000000000001 $463 0.01525 $682 $908 forward @7 unknown T 0.019999999999999997 0.0070000000000000001 0 0.019999999999999997 0.0070000000000000001 0.032000000000000001 #
point $-1 -1 -1 $-1 0.019999999999999997 0.0070000000000000001 0.032000000000000001 #
coedge $-1 -1 -1 $-1 $909 $465 $910 $911 reversed $262 $-1 #
coedge $-1 -1 -1 $-1 $670 $912 $465 $692 forward $669 $-1 #
edge $913 -1 -1 $-1 $914 -0.01 $673 -0.0070000000000000001 $465 $915 forward @7 unknown T 0.040000000000000001 0.0070000000000000001 0 0.040000000000000001 0.01 0 #
coedge $-1 -1 -1 $-1 $466 $909 $916 $917 forward $262 $-1 #
edge $918 -1 -1 $-1 $678 0.0070000000000000001 $919 0.01 $466 $920 forward @7 unknown T 0.040000000000000001 -0.01 0 0.040000000000000001 -0.0070000000000000001 0 #
name_attrib-gen-attrib $-1 -1 $-1 $-1 $467 2 3 2 1 1 1 1 1 1 1 1 1 1 1 0 1 1 1 @24 convexity_check_required #
straight-curve $-1 -1 -1 $-1 0.040000000000000001 -0.0070000000000000001 0.016750000000000001 0 -0 1 I I #
face $921 -1 -1 $-1 $922 $923 $45 $-1 $924 forward single T 0.019999999999999997 -0.02 0.045000000000000005 0.040000000000000001 0.02 0.045000000000000005 T -0.010000000000000002 0.010000000000000002 -0.02 0.02 #
loop $-1 -1 -1 $-1 $-1 $699 $470 T 0.019999999999999997 0.01 0 0.040000000000000001 0.02 0 unknown #
coedge $-1 -1 -1 $-1 $925 $717 $473 $700 reversed $698 $-1 #
edge $-1 -1 -1 $-1 $926 -0.010000000000000002 $701 0.010000000000000002 $699 $927 forward @7 unknown T 0.019999999999999997 0.01 0 0.040000000000000001 0.01 0 #
vertex $-1 -1 -1 $-1 $474 $928 #
straight-curve $-1 -1 -1 $-1 0.040000000000000001 0.01 0.020000000000000004 -0 -0 -1 I I #
coedge $-1 -1 -1 $-1 $929 $476 $490 $720 forward $471 $-1 #
coedge $-1 -1 -1 $-1 $476 $929 $478 $708 forward $471 $-1 #
vertex $-1 -1 -1 $-1 $720 $930 #
straight-curve $-1 -1 -1 $-1 0.029999999999999999 -0.01 0 1 0 0 F -0.010000000000000002 F 0.010000000000000002 #
coedge $-1 -1 -1 $-1 $931 $478 $932 $933 reversed $480 $-1 #
edge $-1 -1 -1 $-1 $934 -0.02 $482 -0.01 $478 $935 forward @7 unknown T 0.019999999999999997 -0.02 0 0.019999999999999997 -0.01 0 #
coedge $-1 -1 -1 $-1 $479 $936 $486 $714 forward $480 $-1 #
face $-1 -1 -1 $-1 $937 $480 $45 $-1 $938 reversed single T 0.019999999999999997 -0.02 0 0.019999999999999997 0.02 0.045000000000000005 F #
point $-1 -1 -1 $-1 0.019999999999999997 -0.01 0.035000000000000003 #
point $-1 -1 -1 $-1 0.019999999999999997 -0.01 0 #
straight-curve $-1 -1 -1 $-1 0.019999999999999997 0 0.035000000000000003 0 -1 0 I I #
edge $-1 -1 -1 $-1 $926 -0.020000000000000004 $487 0.014999999999999999 $709 $939 forward @7 unknown T 0.019999999999999997 0.01 0 0.019999999999999997 0.01 0.035000000000000003 #
point $-1 -1 -1 $-1 0.019999999999999997 0.01 0.035000000000000003 #
coedge $-1 -1 -1 $-1 $940 $489 $941 $942 reversed $280 $-1 #
coedge $-1 -1 -1 $-1 $699 $943 $489 $718 forward $698 $-1 #
edge $-1 -1 -1 $-1 $944 -0.02 $701 -0.01 $489 $945 forward @7 unknown T 0.040000000000000001 0.01 0 0.040000000000000001 0.02 0 #
coedge $-1 -1 -1 $-1 $490 $940 $946 $947 forward $280 $-1 #
edge $-1 -1 -1 $-1 $705 0.01 $948 0.02 $490 $949 forward @7 unknown T 0.040000000000000001 -0.02 0 0.040000000000000001 -0.01 0 #
straight-curve $-1 -1 -1 $-1 0.040000000000000001 -0.01 0.020000000000000004 0 -0 1 I I #
plane-surface $-1 -1 -1 $-1 0.01 0 0 -1 0 0 0 -0 1 forward_v I I I I #
coedge $-1 -1 -1 $-1 $499 $497 $501 $727 reversed $297 $-1 #
edge $-1 -1 -1 $-1 $512 -0.014999999999999999 $729 0.014999999999999999 $511 $950 forward @7 unknown T -0.01 0.050000000000000003 -0.014999999999999999 -0.01 0.050000000000000003 0.014999999999999999 #
vertex $-1 -1 -1 $-1 $727 $951 #
straight-curve $-1 -1 -1 $-1 -0.01 -0.050000000000000003 0 0 0 -1 I I #
edge $-1 -1 -1 $-1 $725 -0.050000000000000003 $729 0.050000000000000003 $723 $952 forward @7 unknown T -0.01 -0.050000000000000003 -0.014999999999999999 -0.01 0.050000000000000003 -0.014999999999999999 #
straight-curve $-1 -1 -1 $-1 0 -0.050000000000000003 -0.014999999999999999 -1 0 0 I I #
vertex $-1 -1 -1 $-1 $504 $953 #
straight-curve $-1 -1 -1 $-1 0 0.050000000000000003 -0.014999999999999999 1 0 0 I I #
point $-1 -1 -1 $-1 0.01 0.050000000000000003 -0.014999999999999999 #
point $-1 -1 -1 $-1 0.01 -0.050000000000000003 -0.014999999999999999 #
straight-curve $-1 -1 -1 $-1 -0.01 0 0.014999999999999999 0 -1 0 I I #
point $-1 -1 -1 $-1 -0.01 0.050000000000000003 0.014999999999999999 #
point $-1 -1 -1 $-1 -0.01 -0.050000000000000003 0.014999999999999999 #
straight-curve $-1 -1 -1 $-1 0.01 -0.050000000000000003 0 0 0 -1 I I #
straight-curve $-1 -1 -1 $-1 0.01 0.050000000000000003 0 0 0 -1 I I #
plane-surface $-1 -1 -1 $-1 0.0099999999999999985 0 0 -1 0 0 0 -0 1 forward_v I I I I #
coedge $-1 -1 -1 $-1 $526 $524 $528 $743 reversed $316 $-1 #
edge $-1 -1 -1 $-1 $539 -0.014999999999999999 $745 0.014999999999999999 $538 $954 forward @7 unknown T -0.0099999999999999985 0.050000000000000003 -0.014999999999999999 -0.0099999999999999985 0.050000000000000003 0.014999999999999999 #
vertex $-1 -1 -1 $-1 $743 $955 #
straight-curve $-1 -1 -1 $-1 -0.0099999999999999985 -0.050000000000000003 0 0 0 -1 I I #
edge $-1 -1 -1 $-1 $741 -0.050000000000000003 $745 0.050000000000000003 $739 $956 forward @7 unknown T -0.0099999999999999985 -0.050000000000000003 -0.014999999999999999 -0.0099999999999999985 0.050000000000000003 -0.014999999999999999 #
straight-curve $-1 -1 -1 $-1 0 -0.050000000000000003 -0.014999999999999999 -1 0 0 I I #
vertex $-1 -1 -1 $-1 $531 $957 #
straight-curve $-1 -1 -1 $-1 0 0.050000000000000003 -0.014999999999999999 1 0 0 I I #
point $-1 -1 -1 $-1 0.0099999999999999985 0.050000000000000003 -0.014999999999999999 #
point $-1 -1 -1 $-1 0.0099999999999999985 -0.050000000000000003 -0.014999999999999999 #
straight-curve $-1 -1 -1 $-1 -0.0099999999999999985 0 0.014999999999999999 0 -1 0 I I #
point $-1 -1 -1 $-1 -0.0099999999999999985 0.050000000000000003 0.014999999999999999 #
point $-1 -1 -1 $-1 -0.0099999999999999985 -0.050000000000000003 0.014999999999999999 #
straight-curve $-1 -1 -1 $-1 0.0099999999999999985 -0.050000000000000003 0 0 0 -1 I I #
straight-curve $-1 -1 -1 $-1 0.0099999999999999985 0.050000000000000003 0 0 0 -1 I I #
face $-1 -1 -1 $-1 $958 $959 $35 $-1 $69 forward single F T -0.029999999999999999 -0.010000000000000002 -0.0050000000000000001 0.0050000000000000001 #
loop $-1 -1 -1 $-1 $-1 $781 $548 T 0.019999999999999997 0.0050000000000000001 0 0.040000000000000001 0.0060000000000000001 0 unknown #
coedge $-1 -1 -1 $-1 $550 $757 $960 $961 reversed $335 $-1 #
coedge $-1 -1 -1 $-1 $756 $551 $778 $962 forward $335 $-1 #
vertex $-1 -1 -1 $-1 $962 $963 #
straight-curve $-1 -1 -1 $-1 0.029999999999999999 0.0070000000000000001 0 -1 0 0 I I #
point $-1 -1 -1 $-1 0.040000000000000001 0.0070000000000000001 0 #
coedge $-1 -1 -1 $-1 $964 $555 $965 $966 reversed $99 $-1 #
coedge $-1 -1 -1 $-1 $564 $563 $555 $763 forward $549 $-1 #
edge $-1 -1 -1 $-1 $967 0.0070000000000000001 $764 0.01 $762 $968 forward @7 unknown T 0.019999999999999997 -0.01 0 0.019999999999999997 -0.0070000000000000001 0 #
vertex $-1 -1 -1 $-1 $567 $969 #
straight-curve $-1 -1 -1 $-1 0.019999999999999997 0 0 0 -1 0 I I #
point $-1 -1 -1 $-1 0.019999999999999997 -0.02 0 #
coedge $-1 -1 -1 $-1 $560 $970 $971 $972 reversed $99 $-1 #
coedge $-1 -1 -1 $-1 $973 $974 $560 $769 forward $975 $-1 #
edge $-1 -1 -1 $-1 $773 -0.0060000000000000001 $976 -0.0050000000000000001 $768 $977 forward @7 unknown T 0.040000000000000001 -0.0060000000000000001 0 0.040000000000000001 -0.0050000000000000001 0 #
coedge $-1 -1 -1 $-1 $965 $561 $974 $978 reversed $772 $-1 #
coedge $-1 -1 -1 $-1 $561 $965 $563 $775 forward $772 $-1 #
loop $-1 -1 -1 $-1 $-1 $561 $979 T 0.019999999999999997 -0.0070000000000000001 0 0.040000000000000001 -0.0060000000000000001 0 unknown #
vertex $-1 -1 -1 $-1 $978 $980 #
straight-curve $-1 -1 -1 $-1 0.040000000000000001 0 0 0 1 -0 I I #
edge $-1 -1 -1 $-1 $967 -0.010000000000000002 $565 0.010000000000000002 $771 $981 forward @7 unknown T 0.019999999999999997 -0.0070000000000000001 0 0.040000000000000001 -0.0070000000000000001 0 #
point $-1 -1 -1 $-1 0.040000000000000001 -0.0070000000000000001 0 #
straight-curve $-1 -1 -1 $-1 0.029999999999999999 -0.01 0 1 0 0 I I #
coedge $-1 -1 -1 $-1 $570 $982 $757 $962 reversed $204 $-1 #
straight-curve $-1 -1 -1 $-1 0.019999999999999997 0 0 0 -1 0 I I #
coedge $-1 -1 -1 $-1 $983 $575 $984 $985 reversed $204 $-1 #
coedge $-1 -1 -1 $-1 $960 $986 $575 $782 forward $755 $-1 #
edge $-1 -1 -1 $-1 $987 0.0050000000000000001 $783 0.0060000000000000001 $781 $988 forward @7 unknown T 0.040000000000000001 0.0050000000000000001 0 0.040000000000000001 0.0060000000000000001 0 #
vertex $-1 -1 -1 $-1 $782 $989 #
straight-curve $-1 -1 -1 $-1 0.040000000000000001 0 0 0 1 -0 I I #
face $-1 -1 -1 $-1 $990 $991 $35 $-1 $992 reversed single F F #
loop $-1 -1 -1 $-1 $-1 $993 $577 T 0 -0.050000000000000003 -0.050000000000000003 0.059999999999999998 0.050000000000000003 -0.050000000000000003 unknown #
plane-surface $-1 -1 -1 $-1 0.029999999999999999 0 -0.050000000000000003 0 0 1 1 0 0 forward_v I I I I #
coedge $-1 -1 -1 $-1 $994 $792 $995 $996 reversed $579 $-1 #
coedge $-1 -1 -1 $-1 $580 $796 $603 $815 reversed $360 $-1 #
coedge $-1 -1 -1 $-1 $997 $799 $580 $791 forward $998 $-1 #
edge $-1 -1 -1 $-1 $588 -0.014749999999999999 $999 0.01525 $790 $1000 forward @7 unknown T 0.040000000000000001 0.0050000000000000001 0 0.040000000000000001 0.0050000000000000001 0.029999999999999999 #
coedge $-1 -1 -1 $-1 $788 $1001 $581 $793 reversed $579 $-1 #
edge $-1 -1 -1 $-1 $794 0.010000000000000002 $1002 0.029999999999999999 $792 $798 forward @7 unknown T 0 0.0050000000000000001 0.029999999999999999 0.019999999999999997 0.0050000000000000001 0.029999999999999999 #
vertex $-1 -1 -1 $-1 $793 $1003 #
straight-curve $-1 -1 -1 $-1 0.019999999999999997 0 0.029999999999999999 0 -1 0 I I #
coedge $-1 -1 -1 $-1 $789 $584 $812 $1004 forward $360 $-1 #
vertex $-1 -1 -1 $-1 $607 $1005 #
straight-curve $-1 -1 -1 $-1 0.029999999999999999 0.0050000000000000001 0.029999999999999999 -1 0 0 I I #
coedge $-1 -1 -1 $-1 $790 $995 $586 $800 reversed $998 $-1 #
edge $-1 -1 -1 $-1 $588 -0.010000000000000002 $794 0.010000000000000002 $799 $798 forward @7 unknown T 0.019999999999999997 0.0050000000000000001 0.029999999999999999 0.040000000000000001 0.0050000000000000001 0.029999999999999999 #
point $-1 -1 -1 $-1 0.040000000000000001 0.0050000000000000001 0.029999999999999999 #
coedge $-1 -1 -1 $-1 $1006 $590 $592 $807 reversed $804 $-1 #
coedge $-1 -1 -1 $-1 $590 $1006 $594 $810 reversed $804 $-1 #
loop $-1 -1 -1 $-1 $-1 $1006 $609 T 0 -0.0050000000000000001 0 0 0.0050000000000000001 0.029999999999999999 unknown #
no_merge_attribute-st-attrib $-1 -1 $-1 $-1 $591 1 1 1 1 1 1 1 1 1 1 1 1 1 1 0 1 1 1 #
straight-curve $-1 -1 -1 $-1 0 -0.0050000000000000001 0.014999999999999999 0 0 -1 I I #
edge $1007 -1 -1 $-1 $1002 -0.0050000000000000001 $593 0.0050000000000000001 $802 $1008 forward @7 unknown T 0 -0.0050000000000000001 0.029999999999999999 0 0.0050000000000000001 0.029999999999999999 #
point $-1 -1 -1 $-1 0 -0.0050000000000000001 0.029999999999999999 #
coedge $-1 -1 -1 $-1 $814 $594 $994 $1009 forward $378 $-1 #
edge $1010 -1 -1 $-1 $595 -0.0050000000000000001 $1011 0.0050000000000000001 $803 $1012 forward @7 unknown T 0 -0.0050000000000000001 0 0 0.0050000000000000001 0 #
point $-1 -1 -1 $-1 0 -0.0050000000000000001 0 #
coedge $-1 -1 -1 $-1 $599 $598 $796 $1004 reversed $600 $-1 #
face $1013 -1 -1 $-1 $-1 $600 $37 $-1 $1014 reversed single T 0.059999999999999998 -0.0050000000000000001 0 0.059999999999999998 0.0050000000000000001 0.029999999999999999 F #
coedge $-1 -1 -1 $-1 $603 $809 $997 $1015 forward $378 $-1 #
edge $-1 -1 -1 $-1 $999 0.010000000000000002 $817 0.029999999999999999 $789 $1016 forward @7 unknown T 0.040000000000000001 0.0050000000000000001 0 0.059999999999999998 0.0050000000000000001 0 #
no_merge_attribute-st-attrib $-1 -1 $-1 $-1 $604 1 1 1 1 1 1 1 1 1 1 1 1 1 1 0 1 1 1 #
vertex $-1 -1 -1 $-1 $604 $1017 #
straight-curve $-1 -1 -1 $-1 0.059999999999999998 0 0 0 -1 0 I I #
plane-surface $-1 -1 -1 $-1 0.029999999999999999 0 0 0 0 1 1 0 0 forward_v I I I I #
no_merge_attribute-st-attrib $-1 -1 $-1 $-1 $607 1 1 1 1 1 1 1 1 1 1 1 1 1 1 0 1 1 1 #
straight-curve $-1 -1 -1 $-1 0.059999999999999998 0 0.029999999999999999 0 1 0 I I #
string_attrib-name_attrib-gen-attrib $-1 -1 $-1 $-1 $609 2 3 2 1 1 1 1 1 1 1 1 1 1 1 0 1 1 1 @10 3d-contact @6 source #
face $-1 -1 -1 $-1 $813 $998 $37 $-1 $361 reversed single T 0.019999999999999997 0.0050000000000000001 0 0.040000000000000001 0.0050000000000000001 0.029999999999999999 F #
plane-surface $-1 -1 -1 $-1 0 0 0.014999999999999999 1 0 0 0 0 -1 forward_v I I I I #
face $-1 -1 -1 $-1 $1018 $851 $39 $-1 $1019 reversed single T 0.019999999999999997 -0.0060000000000000001 0 0.040000000000000001 -0.0060000000000000001 0.031 F #
loop $-1 -1 -1 $-1 $-1 $1020 $610 T 0.019999999999999997 -0.0060000000000000001 0.031 0.040000000000000001 0.0060000000000000001 0.031 unknown #
plane-surface $-1 -1 -1 $-1 0.029999999999999999 0 0.031 0 0 1 1 0 0 forward_v I I I I #
coedge $-1 -1 -1 $-1 $612 $633 $1021 $1022 forward $227 $-1 #
coedge $-1 -1 -1 $-1 $1023 $614 $612 $830 forward $611 $-1 #
edge $1024 -1 -1 $-1 $617 0.0050000000000000001 $1025 0.0060000000000000001 $612 $1026 forward @7 unknown T 0.019999999999999997 0.0050000000000000001 0 0.019999999999999997 0.0060000000000000001 0 #
coedge $-1 -1 -1 $-1 $1027 $619 $613 $832 forward $626 $-1 #
edge $1028 -1 -1 $-1 $622 -0.014749999999999999 $835 0.01525 $831 $1029 forward @7 unknown T 0.040000000000000001 0.0050000000000000001 0 0.040000000000000001 0.0050000000000000001 0.029999999999999999 #
coedge $-1 -1 -1 $-1 $614 $1023 $1027 $1030 forward $611 $-1 #
name_attrib-gen-attrib $-1 -1 $-1 $-1 $615 2 3 2 1 1 1 1 1 1 1 1 1 1 1 0 1 1 1 @24 convexity_check_required #
vertex $-1 -1 -1 $-1 $832 $1031 #
straight-curve $-1 -1 -1 $-1 0.029999999999999999 0.0050000000000000001 0 1 -0 -0 F -0.029999999999999999 F 0.029999999999999999 #
point $-1 -1 -1 $-1 0.019999999999999997 0.0050000000000000001 0 #
name_attrib-gen-attrib $-1 -1 $-1 $-1 $620 2 3 2 1 1 1 1 1 1 1 1 1 1 1 0 1 1 1 @24 convexity_check_required #
straight-curve $-1 -1 -1 $-1 0.040000000000000001 0 0.029999999999999999 0 1 -0 I I #
point $-1 -1 -1 $-1 0.040000000000000001 0.0050000000000000001 0.029999999999999999 #
coedge $-1 -1 -1 $-1 $625 $1032 $1033 $1034 forward $626 $-1 #
face $-1 -1 -1 $-1 $-1 $626 $39 $-1 $1035 reversed single T 0.040000000000000001 -0.0060000000000000001 0 0.040000000000000001 0.0060000000000000001 0.031 F #
coedge $-1 -1 -1 $-1 $1033 $634 $630 $844 reversed $851 $-1 #
edge $-1 -1 -1 $-1 $846 -0.010000000000000002 $637 0.010000000000000002 $843 $1036 forward @7 unknown T 0.019999999999999997 -0.0060000000000000001 0 0.040000000000000001 -0.0060000000000000001 0 #
name_attrib-gen-attrib $-1 -1 $-1 $-1 $631 2 3 2 1 1 1 1 1 1 1 1 1 1 1 0 1 1 1 @24 convexity_check_required #
vertex $-1 -1 -1 $-1 $1034 $1037 #
straight-curve $-1 -1 -1 $-1 0.040000000000000001 0 0 0 -1 0 I I #
coedge $-1 -1 -1 $-1 $1038 $1039 $633 $849 forward $826 $-1 #
edge $-1 -1 -1 $-1 $1040 -0.0060000000000000001 $852 0.0060000000000000001 $633 $1041 forward @7 unknown T 0.019999999999999997 -0.0060000000000000001 0.031 0.019999999999999997 0.0060000000000000001 0.031 #
coedge $-1 -1 -1 $-1 $634 $1033 $1038 $1042 reversed $851 $-1 #
loop $-1 -1 -1 $-1 $-1 $634 $825 T 0.019999999999999997 -0.0060000000000000001 0 0.040000000000000001 -0.0060000000000000001 0.031 unknown #
vertex $-1 -1 -1 $-1 $849 $1043 #
straight-curve $-1 -1 -1 $-1 0.019999999999999997 -0.0060000000000000001 0.0155 0 0 -1 I I #
point $-1 -1 -1 $-1 0.019999999999999997 -0.0060000000000000001 0 #
face $-1 -1 -1 $-1 $654 $1044 $41 $-1 $1045 reversed single T 0.019999999999999997 -0.0070000000000000001 0 0.040000000000000001 -0.0070000000000000001 0.032000000000000001 F #
loop $-1 -1 -1 $-1 $-1 $1046 $639 T 0.019999999999999997 -0.0070000000000000001 0.032000000000000001 0.040000000000000001 0.0070000000000000001 0.032000000000000001 unknown #
plane-surface $-1 -1 -1 $-1 0.029999999999999999 0 0.032000000000000001 0 0 1 1 0 0 forward_v I I I I #
coedge $-1 -1 -1 $-1 $879 $641 $871 $1047 forward $640 $-1 #
name_attrib-gen-attrib $-1 -1 $-1 $-1 $642 2 3 2 1 1 1 1 1 1 1 1 1 1 1 0 1 1 1 @24 convexity_check_required #
vertex $-1 -1 -1 $-1 $1047 $1048 #
straight-curve $-1 -1 -1 $-1 0.029999999999999999 0.0060000000000000001 0 1 -0 -0 F -0.010000000000000002 F 0.010000000000000002 #
point $-1 -1 -1 $-1 0.040000000000000001 0.0060000000000000001 0 #
coedge $-1 -1 -1 $-1 $647 $646 $1049 $1050 forward $417 $-1 #
point $-1 -1 -1 $-1 0.040000000000000001 -0.0060000000000000001 0 #
coedge $-1 -1 -1 $-1 $1051 $651 $1052 $1053 reversed $426 $-1 #
coedge $-1 -1 -1 $-1 $1049 $1054 $651 $867 forward $1044 $-1 #
edge $-1 -1 -1 $-1 $1055 -0.016 $869 0.016 $651 $1056 forward @7 unknown T 0.019999999999999997 -0.0070000000000000001 0 0.019999999999999997 -0.0070000000000000001 0.032000000000000001 #
name_attrib-gen-attrib $-1 -1 $-1 $-1 $652 2 3 2 1 1 1 1 1 1 1 1 1 1 1 0 1 1 1 @24 convexity_check_required #
vertex $-1 -1 -1 $-1 $652 $1057 #
straight-curve $-1 -1 -1 $-1 0.019999999999999997 0 0 0 1 0 I I #
coedge $-1 -1 -1 $-1 $653 $1051 $858 $1047 reversed $426 $-1 #
face $-1 -1 -1 $-1 $-1 $1058 $41 $-1 $1059 reversed single T 0.019999999999999997 0.0070000000000000001 0 0.040000000000000001 0.0070000000000000001 0.032000000000000001 F #
plane-surface $-1 -1 -1 $-1 0.019999999999999997 0 0.016 1 0 0 0 0 -1 forward_v I I I I #
name_attrib-gen-attrib $-1 -1 $-1 $-1 $659 2 3 2 1 1 1 1 1 1 1 1 1 1 1 0 1 1 1 @24 convexity_check_required #
straight-curve $-1 -1 -1 $-1 0.019999999999999997 0.0060000000000000001 0.01575 -0 0 1 I I #
coedge $-1 -1 -1 $-1 $664 $661 $1046 $1060 reversed $244 $-1 #
coedge $-1 -1 -1 $-1 $1061 $1062 $661 $878 forward $1058 $-1 #
edge $-1 -1 -1 $-1 $1063 -0.016 $881 0.016 $661 $1064 forward @7 unknown T 0.040000000000000001 0.0070000000000000001 0 0.040000000000000001 0.0070000000000000001 0.032000000000000001 #
coedge $-1 -1 -1 $-1 $662 $858 $1061 $1065 forward $640 $-1 #
name_attrib-gen-attrib $-1 -1 $-1 $-1 $663 2 3 2 1 1 1 1 1 1 1 1 1 1 1 0 1 1 1 @24 convexity_check_required #
vertex $-1 -1 -1 $-1 $663 $1066 #
straight-curve $-1 -1 -1 $-1 0.040000000000000001 0 0 0 -1 0 I I #
coedge $-1 -1 -1 $-1 $1054 $1049 $664 $884 reversed $1044 $-1 #
edge $-1 -1 -1 $-1 $1067 -0.016 $886 0.016 $664 $1068 forward @7 unknown T 0.040000000000000001 -0.0070000000000000001 0 0.040000000000000001 -0.0070000000000000001 0.032000000000000001 #
name_attrib-gen-attrib $-1 -1 $-1 $-1 $665 2 3 2 1 1 1 1 1 1 1 1 1 1 1 0 1 1 1 @24 convexity_check_required #
vertex $-1 -1 -1 $-1 $884 $1069 #
straight-curve $-1 -1 -1 $-1 0.040000000000000001 0 0 0 -1 0 I I #
face $-1 -1 -1 $-1 $683 $1070 $43 $-1 $1071 reversed single T 0.019999999999999997 -0.01 0 0.040000000000000001 -0.01 0.035000000000000003 F #
loop $-1 -1 -1 $-1 $-1 $1072 $668 T 0.019999999999999997 -0.01 0.035000000000000003 0.040000000000000001 0.01 0.035000000000000003 unknown #
plane-surface $-1 -1 -1 $-1 0.029999999999999999 0 0.035000000000000003 0 0 1 1 0 0 forward_v I I I I #
coedge $-1 -1 -1 $-1 $912 $670 $904 $1073 forward $669 $-1 #
name_attrib-gen-attrib $-1 -1 $-1 $-1 $671 2 3 2 1 1 1 1 1 1 1 1 1 1 1 0 1 1 1 @24 convexity_check_required #
vertex $-1 -1 -1 $-1 $1073 $1074 #
straight-curve $-1 -1 -1 $-1 0.029999999999999999 0.0070000000000000001 0 1 -0 -0 F -0.010000000000000002 F 0.010000000000000002 #
point $-1 -1 -1 $-1 0.040000000000000001 0.0070000000000000001 0 #
coedge $-1 -1 -1 $-1 $676 $675 $1075 $1076 forward $444 $-1 #
point $-1 -1 -1 $-1 0.040000000000000001 -0.0070000000000000001 0 #
coedge $-1 -1 -1 $-1 $1077 $680 $1078 $1079 reversed $453 $-1 #
coedge $-1 -1 -1 $-1 $1075 $1080 $680 $900 forward $1070 $-1 #
edge $-1 -1 -1 $-1 $1081 -0.017500000000000002 $902 0.017500000000000002 $680 $1082 forward @7 unknown T 0.019999999999999997 -0.01 0 0.019999999999999997 -0.01 0.035000000000000003 #
name_attrib-gen-attrib $-1 -1 $-1 $-1 $681 2 3 2 1 1 1 1 1 1 1 1 1 1 1 0 1 1 1 @24 convexity_check_required #
vertex $-1 -1 -1 $-1 $681 $1083 #
straight-curve $-1 -1 -1 $-1 0.019999999999999997 0 0 0 1 0 I I #
coedge $-1 -1 -1 $-1 $682 $1077 $891 $1073 reversed $453 $-1 #
face $-1 -1 -1 $-1 $-1 $1084 $43 $-1 $1085 reversed single T 0.019999999999999997 0.01 0 0.040000000000000001 0.01 0.035000000000000003 F #
plane-surface $-1 -1 -1 $-1 0.019999999999999997 0 0.017500000000000002 1 0 0 0 0 -1 forward_v I I I I #
name_attrib-gen-attrib $-1 -1 $-1 $-1 $688 2 3 2 1 1 1 1 1 1 1 1 1 1 1 0 1 1 1 @24 convexity_check_required #
straight-curve $-1 -1 -1 $-1 0.019999999999999997 0.0070000000000000001 0.016750000000000001 -0 0 1 I I #
coedge $-1 -1 -1 $-1 $693 $690 $1072 $1086 reversed $262 $-1 #
coedge $-1 -1 -1 $-1 $1087 $1088 $690 $911 forward $1084 $-1 #
edge $-1 -1 -1 $-1 $1089 -0.017500000000000002 $914 0.017500000000000002 $690 $1090 forward @7 unknown T 0.040000000000000001 0.01 0 0.040000000000000001 0.01 0.035000000000000003 #
coedge $-1 -1 -1 $-1 $691 $891 $1087 $1091 forward $669 $-1 #
name_attrib-gen-attrib $-1 -1 $-1 $-1 $692 2 3 2 1 1 1 1 1 1 1 1 1 1 1 0 1 1 1 @24 convexity_check_required #
vertex $-1 -1 -1 $-1 $692 $1092 #
straight-curve $-1 -1 -1 $-1 0.040000000000000001 0 0 0 -1 0 I I #
coedge $-1 -1 -1 $-1 $1080 $1075 $693 $917 reversed $1070 $-1 #
edge $-1 -1 -1 $-1 $1093 -0.017500000000000002 $919 0.017500000000000002 $693 $1094 forward @7 unknown T 0.040000000000000001 -0.01 0 0.040000000000000001 -0.01 0.035000000000000003 #
name_attrib-gen-attrib $-1 -1 $-1 $-1 $694 2 3 2 1 1 1 1 1 1 1 1 1 1 1 0 1 1 1 @24 convexity_check_required #
vertex $-1 -1 -1 $-1 $917 $1095 #
straight-curve $-1 -1 -1 $-1 0.040000000000000001 0 0 0 -1 0 I I #
string_attrib-name_attrib-gen-attrib $-1 -1 $-1 $-1 $697 2 3 2 1 1 1 1 1 1 1 1 1 1 1 0 1 1 1 @10 3d-contact @4 gate #
face $-1 -1 -1 $-1 $710 $1096 $45 $-1 $1097 reversed single T 0.019999999999999997 -0.02 0 0.040000000000000001 -0.02 0.045000000000000005 F #
loop $-1 -1 -1 $-1 $-1 $1098 $697 T 0.019999999999999997 -0.02 0.045000000000000005 0.040000000000000001 0.02 0.045000000000000005 unknown #
plane-surface $-1 -1 -1 $-1 0.029999999999999999 0 0.045000000000000005 0 0 1 1 0 0 forward_v I I I I #
coedge $-1 -1 -1 $-1 $943 $699 $936 $1099 forward $698 $-1 #
vertex $-1 -1 -1 $-1 $1099 $1100 #
straight-curve $-1 -1 -1 $-1 0.029999999999999999 0.01 0 1 -0 -0 F -0.010000000000000002 F 0.010000000000000002 #
point $-1 -1 -1 $-1 0.040000000000000001 0.01 0 #
coedge $-1 -1 -1 $-1 $704 $703 $1101 $1102 forward $471 $-1 #
point $-1 -1 -1 $-1 0.040000000000000001 -0.01 0 #
coedge $-1 -1 -1 $-1 $1103 $707 $1104 $1105 reversed $480 $-1 #
coedge $-1 -1 -1 $-1 $1101 $1106 $707 $933 forward $1096 $-1 #
edge $-1 -1 -1 $-1 $1107 -0.022500000000000003 $934 0.022500000000000003 $707 $1108 forward @7 unknown T 0.019999999999999997 -0.02 0 0.019999999999999997 -0.02 0.045000000000000005 #
vertex $-1 -1 -1 $-1 $708 $1109 #
straight-curve $-1 -1 -1 $-1 0.019999999999999997 0 0 0 1 0 I I #
coedge $-1 -1 -1 $-1 $709 $1103 $925 $1099 reversed $480 $-1 #
face $-1 -1 -1 $-1 $-1 $1110 $45 $-1 $1111 reversed single T 0.019999999999999997 0.02 0 0.040000000000000001 0.02 0.045000000000000005 F #
plane-surface $-1 -1 -1 $-1 0.019999999999999997 0 0.022500000000000003 1 0 0 0 0 -1 forward_v I I I I #
straight-curve $-1 -1 -1 $-1 0.019999999999999997 0.01 0.020000000000000004 -0 0 1 I I #
coedge $-1 -1 -1 $-1 $719 $716 $1098 $1112 reversed $280 $-1 #
coedge $-1 -1 -1 $-1 $1113 $1114 $716 $942 forward $1110 $-1 #
edge $-1 -1 -1 $-1 $1115 -0.022500000000000003 $944 0.022500000000000003 $716 $1116 forward @7 unknown T 0.040000000000000001 0.02 0 0.040000000000000001 0.02 0.045000000000000005 #
coedge $-1 -1 -1 $-1 $717 $925 $1113 $1117 forward $698 $-1 #
vertex $-1 -1 -1 $-1 $718 $1118 #
straight-curve $-1 -1 -1 $-1 0.040000000000000001 0 0 0 -1 0 I I #
coedge $-1 -1 -1 $-1 $1106 $1101 $719 $947 reversed $1096 $-1 #
edge $-1 -1 -1 $-1 $1119 -0.022500000000000003 $948 0.022500000000000003 $719 $1120 forward @7 unknown T 0.040000000000000001 -0.02 0 0.040000000000000001 -0.02 0.045000000000000005 #
vertex $-1 -1 -1 $-1 $947 $1121 #
straight-curve $-1 -1 -1 $-1 0.040000000000000001 0 0 0 -1 0 I I #
straight-curve $-1 -1 -1 $-1 -0.01 0.050000000000000003 0 0 0 -1 I I #
point $-1 -1 -1 $-1 -0.01 -0.050000000000000003 -0.014999999999999999 #
straight-curve $-1 -1 -1 $-1 -0.01 0 -0.014999999999999999 0 1 0 I I #
point $-1 -1 -1 $-1 -0.01 0.050000000000000003 -0.014999999999999999 #
straight-curve $-1 -1 -1 $-1 -0.0099999999999999985 0.050000000000000003 0 0 0 -1 I I #
point $-1 -1 -1 $-1 -0.0099999999999999985 -0.050000000000000003 -0.014999999999999999 #
straight-curve $-1 -1 -1 $-1 -0.0099999999999999985 0 -0.014999999999999999 0 1 0 I I #
point $-1 -1 -1 $-1 -0.0099999999999999985 0.050000000000000003 -0.014999999999999999 #
face $-1 -1 -1 $-1 $979 $1122 $35 $-1 $69 forward single F T 0.010000000000000002 0.029999999999999999 -0.0050000000000000001 0.0050000000000000001 #
loop $-1 -1 -1 $-1 $-1 $1123 $754 T 0 -0.0050000000000000001 0 0.019999999999999997 0.0050000000000000001 0 unknown #
coedge $-1 -1 -1 $-1 $1124 $781 $756 $961 forward $755 $-1 #
edge $-1 -1 -1 $-1 $783 -0.010000000000000002 $1125 0.010000000000000002 $960 $1126 forward @7 unknown T 0.019999999999999997 0.0060000000000000001 0 0.040000000000000001 0.0060000000000000001 0 #
edge $-1 -1 -1 $-1 $758 -0.0070000000000000001 $1125 -0.0060000000000000001 $757 $1127 forward @7 unknown T 0.019999999999999997 0.0060000000000000001 0 0.019999999999999997 0.0070000000000000001 0 #
point $-1 -1 -1 $-1 0.019999999999999997 0.0070000000000000001 0 #
coedge $-1 -1 -1 $-1 $1128 $761 $1129 $1130 reversed $99 $-1 #
coedge $-1 -1 -1 $-1 $771 $770 $761 $966 forward $772 $-1 #
edge $-1 -1 -1 $-1 $1131 0.0060000000000000001 $967 0.0070000000000000001 $965 $1132 forward @7 unknown T 0.019999999999999997 -0.0070000000000000001 0 0.019999999999999997 -0.0060000000000000001 0 #
vertex $-1 -1 -1 $-1 $775 $1133 #
straight-curve $-1 -1 -1 $-1 0.019999999999999997 0 0 0 -1 0 I I #
point $-1 -1 -1 $-1 0.019999999999999997 -0.01 0 #
coedge $-1 -1 -1 $-1 $767 $1134 $1135 $1136 forward $99 $-1 #
coedge $-1 -1 -1 $-1 $1137 $1138 $767 $972 forward $1122 $-1 #
edge $-1 -1 -1 $-1 $976 0.010000000000000002 $1139 0.029999999999999999 $971 $1140 forward @7 unknown T 0.040000000000000001 -0.0050000000000000001 0 0.059999999999999998 -0.0050000000000000001 0 #
coedge $-1 -1 -1 $-1 $1129 $768 $1141 $1142 reversed $975 $-1 #
coedge $-1 -1 -1 $-1 $768 $1129 $770 $978 forward $975 $-1 #
loop $-1 -1 -1 $-1 $-1 $768 $1143 T 0.019999999999999997 -0.0060000000000000001 0 0.040000000000000001 -0.0050000000000000001 0 unknown #
vertex $-1 -1 -1 $-1 $972 $1144 #
straight-curve $-1 -1 -1 $-1 0.040000000000000001 0 0 0 1 -0 I I #
edge $-1 -1 -1 $-1 $1131 -0.010000000000000002 $773 0.010000000000000002 $974 $1145 forward @7 unknown T 0.019999999999999997 -0.0060000000000000001 0 0.040000000000000001 -0.0060000000000000001 0 #
face $-1 -1 -1 $-1 $1143 $772 $35 $-1 $69 forward single F T -0.010000000000000002 0.010000000000000002 -0.0070000000000000001 -0.0060000000000000001 #
point $-1 -1 -1 $-1 0.040000000000000001 -0.0060000000000000001 0 #
straight-curve $-1 -1 -1 $-1 0.029999999999999999 -0.0070000000000000001 0 1 0 0 I I #
coedge $-1 -1 -1 $-1 $778 $1146 $1124 $1147 reversed $204 $-1 #
coedge $-1 -1 -1 $-1 $1148 $780 $1149 $1150 forward $204 $-1 #
coedge $-1 -1 -1 $-1 $1138 $1137 $780 $985 forward $1122 $-1 #
edge $-1 -1 -1 $-1 $1151 -0.029999999999999999 $987 -0.010000000000000002 $984 $1152 forward @7 unknown T 0.040000000000000001 0.0050000000000000001 0 0.059999999999999998 0.0050000000000000001 0 #
coedge $-1 -1 -1 $-1 $781 $1124 $1153 $1154 reversed $755 $-1 #
vertex $-1 -1 -1 $-1 $1154 $1155 #
straight-curve $-1 -1 -1 $-1 0.040000000000000001 0 0 0 1 -0 I I #
point $-1 -1 -1 $-1 0.040000000000000001 0.0060000000000000001 0 #
face $-1 -1 -1 $-1 $1156 $1157 $35 $-1 $1158 reversed single F F #
loop $-1 -1 -1 $-1 $-1 $1159 $785 T 0 -0.050000000000000003 -0.050000000000000003 0.059999999999999998 -0.050000000000000003 0 unknown #
plane-surface $-1 -1 -1 $-1 0.029999999999999999 -0.050000000000000003 -0.025000000000000001 0 1 0 0 0 1 forward_v I I I I #
coedge $-1 -1 -1 $-1 $1160 $1161 $1162 $1163 forward $786 $-1 #
coedge $-1 -1 -1 $-1 $1001 $788 $809 $1009 reversed $579 $-1 #
coedge $-1 -1 -1 $-1 $799 $997 $788 $996 forward $998 $-1 #
edge $-1 -1 -1 $-1 $1164 -0.01525 $794 0.014749999999999999 $995 $1165 forward @7 unknown T 0.019999999999999997 0.0050000000000000001 0 0.019999999999999997 0.0050000000000000001 0.029999999999999999 #
coedge $-1 -1 -1 $-1 $995 $790 $814 $1015 reversed $998 $-1 #
loop $-1 -1 -1 $-1 $-1 $995 $823 T 0.019999999999999997 0.0050000000000000001 0 0.040000000000000001 0.0050000000000000001 0.029999999999999999 unknown #
vertex $-1 -1 -1 $-1 $815 $1166 #
straight-curve $-1 -1 -1 $-1 0.040000000000000001 0.0050000000000000001 0.01525 -0 -0 -1 I I #
coedge $-1 -1 -1 $-1 $792 $994 $1006 $1167 reversed $579 $-1 #
vertex $-1 -1 -1 $-1 $793 $1168 #
point $-1 -1 -1 $-1 0.019999999999999997 0.0050000000000000001 0.029999999999999999 #
edge $1169 -1 -1 $-1 $797 -0.014999999999999999 $817 0.014999999999999999 $812 $1170 forward @7 unknown T 0.059999999999999998 0.0050000000000000001 0 0.059999999999999998 0.0050000000000000001 0.029999999999999999 #
point $-1 -1 -1 $-1 0.059999999999999998 0.0050000000000000001 0.029999999999999999 #
coedge $-1 -1 -1 $-1 $803 $802 $1001 $1167 forward $804 $-1 #
no_merge_attribute-st-attrib $-1 -1 $-1 $-1 $807 1 1 1 1 1 1 1 1 1 1 1 1 1 1 0 1 1 1 #
straight-curve $-1 -1 -1 $-1 0 0 0.029999999999999999 0 -1 0 I I #
edge $-1 -1 -1 $-1 $1011 -0.029999999999999999 $1164 -0.010000000000000002 $994 $1016 forward @7 unknown T 0 0.0050000000000000001 0 0.019999999999999997 0.0050000000000000001 0 #
no_merge_attribute-st-attrib $-1 -1 $-1 $-1 $810 1 1 1 1 1 1 1 1 1 1 1 1 1 1 0 1 1 1 #
vertex $-1 -1 -1 $-1 $1009 $1171 #
straight-curve $-1 -1 -1 $-1 0 0 0 0 1 0 I I #
string_attrib-name_attrib-gen-attrib $-1 -1 $-1 $-1 $813 2 3 2 1 1 1 1 1 1 1 1 1 1 1 0 1 1 1 @10 3d-contact @5 drain #
plane-surface $-1 -1 -1 $-1 0.059999999999999998 0 0.014999999999999999 -1 0 0 0 0 1 forward_v I I I I #
edge $-1 -1 -1 $-1 $1164 -0.010000000000000002 $999 0.010000000000000002 $997 $1016 forward @7 unknown T 0.019999999999999997 0.0050000000000000001 0 0.040000000000000001 0.0050000000000000001 0 #
straight-curve $-1 -1 -1 $-1 0.029999999999999999 0.0050000000000000001 0 1 0 0 I I #
point $-1 -1 -1 $-1 0.059999999999999998 0.0050000000000000001 0 #
face $-1 -1 -1 $-1 $842 $1172 $39 $-1 $1173 reversed single T 0.019999999999999997 0.0060000000000000001 0 0.040000000000000001 0.0060000000000000001 0.031 F #
plane-surface $-1 -1 -1 $-1 0.029999999999999999 -0.0060000000000000001 0.0155 0 1 0 0 0 1 forward_v I I I I #
coedge $-1 -1 -1 $-1 $1039 $1038 $1032 $1174 forward $826 $-1 #
coedge $-1 -1 -1 $-1 $1175 $1176 $828 $1022 reversed $1172 $-1 #
edge $-1 -1 -1 $-1 $1040 -0.0155 $1025 0.0155 $1021 $1177 forward @7 unknown T 0.019999999999999997 0.0060000000000000001 0 0.019999999999999997 0.0060000000000000001 0.031 #
coedge $-1 -1 -1 $-1 $833 $829 $1176 $1178 forward $611 $-1 #
name_attrib-gen-attrib $-1 -1 $-1 $-1 $830 2 3 2 1 1 1 1 1 1 1 1 1 1 1 0 1 1 1 @24 convexity_check_required #
vertex $-1 -1 -1 $-1 $1178 $1179 #
straight-curve $-1 -1 -1 $-1 0.019999999999999997 0 0 0 1 0 I I #
coedge $-1 -1 -1 $-1 $1180 $831 $833 $1030 reversed $626 $-1 #
name_attrib-gen-attrib $-1 -1 $-1 $-1 $832 2 3 2 1 1 1 1 1 1 1 1 1 1 1 0 1 1 1 @24 convexity_check_required #
straight-curve $-1 -1 -1 $-1 0.040000000000000001 0.0050000000000000001 0.01525 -0 -0 -1 I I #
edge $1181 -1 -1 $-1 $1182 -0.0060000000000000001 $835 -0.0050000000000000001 $1027 $1183 forward @7 unknown T 0.040000000000000001 0.0050000000000000001 0 0.040000000000000001 0.0060000000000000001 0 #
point $-1 -1 -1 $-1 0.040000000000000001 0.0050000000000000001 0 #
coedge $-1 -1 -1 $-1 $841 $1180 $1020 $1174 reversed $626 $-1 #
coedge $-1 -1 -1 $-1 $850 $843 $841 $1034 reversed $851 $-1 #
edge $-1 -1 -1 $-1 $1184 -0.0155 $846 0.0155 $841 $1185 forward @7 unknown T 0.040000000000000001 -0.0060000000000000001 0 0.040000000000000001 -0.0060000000000000001 0.031 #
plane-surface $-1 -1 -1 $-1 0.040000000000000001 0 0.0155 -1 0 0 0 0 1 forward_v I I I I #
straight-curve $-1 -1 -1 $-1 0.029999999999999999 -0.0060000000000000001 0 -1 0 0 I I #
point $-1 -1 -1 $-1 0.040000000000000001 -0.0060000000000000001 0 #
coedge $-1 -1 -1 $-1 $1020 $848 $850 $1042 forward $826 $-1 #
coedge $-1 -1 -1 $-1 $848 $1020 $1175 $1186 forward $826 $-1 #
vertex $-1 -1 -1 $-1 $1186 $1187 #
straight-curve $-1 -1 -1 $-1 0.019999999999999997 0 0.031 0 -1 0 I I #
edge $-1 -1 -1 $-1 $852 -0.010000000000000002 $1184 0.010000000000000002 $850 $1188 forward @7 unknown T 0.019999999999999997 -0.0060000000000000001 0.031 0.040000000000000001 -0.0060000000000000001 0.031 #
point $-1 -1 -1 $-1 0.019999999999999997 -0.0060000000000000001 0.031 #
loop $-1 -1 -1 $-1 $-1 $866 $855 T 0.019999999999999997 -0.0070000000000000001 0 0.040000000000000001 -0.0070000000000000001 0.032000000000000001 unknown #
plane-surface $-1 -1 -1 $-1 0.029999999999999999 -0.0070000000000000001 0.016 0 1 0 0 0 1 forward_v I I I I #
coedge $-1 -1 -1 $-1 $1189 $1190 $876 $1060 forward $856 $-1 #
edge $1191 -1 -1 $-1 $860 0.0060000000000000001 $1192 0.0070000000000000001 $871 $1193 forward @7 unknown T 0.019999999999999997 0.0060000000000000001 0 0.019999999999999997 0.0070000000000000001 0 #
point $-1 -1 -1 $-1 0.019999999999999997 0.0060000000000000001 0 #
coedge $-1 -1 -1 $-1 $883 $866 $863 $1050 reversed $1044 $-1 #
edge $-1 -1 -1 $-1 $886 -0.010000000000000002 $869 0.010000000000000002 $1049 $1194 forward @7 unknown T 0.019999999999999997 -0.0070000000000000001 0 0.040000000000000001 -0.0070000000000000001 0 #
coedge $-1 -1 -1 $-1 $871 $865 $1195 $1196 forward $426 $-1 #
coedge $-1 -1 -1 $-1 $1190 $1189 $865 $1053 forward $856 $-1 #
edge $-1 -1 -1 $-1 $1197 -0.0070000000000000001 $1055 0.0070000000000000001 $865 $1198 forward @7 unknown T 0.019999999999999997 -0.0070000000000000001 0.032000000000000001 0.019999999999999997 0.0070000000000000001 0.032000000000000001 #
coedge $-1 -1 -1 $-1 $866 $883 $1190 $1199 reversed $1044 $-1 #
vertex $-1 -1 -1 $-1 $1053 $1200 #
straight-curve $-1 -1 -1 $-1 0.019999999999999997 -0.0070000000000000001 0.016 0 0 -1 I I #
point $-1 -1 -1 $-1 0.019999999999999997 -0.0070000000000000001 0 #
loop $-1 -1 -1 $-1 $-1 $877 $872 T 0.019999999999999997 0.0070000000000000001 0 0.040000000000000001 0.0070000000000000001 0.032000000000000001 unknown #
plane-surface $-1 -1 -1 $-1 0.029999999999999999 0.0070000000000000001 0.016 0 -1 0 0 0 -1 forward_v I I I I #
edge $-1 -1 -1 $-1 $1067 -0.0070000000000000001 $1063 0.0070000000000000001 $876 $1201 forward @7 unknown T 0.040000000000000001 -0.0070000000000000001 0.032000000000000001 0.040000000000000001 0.0070000000000000001 0.032000000000000001 #
coedge $-1 -1 -1 $-1 $1195 $877 $879 $1065 reversed $1058 $-1 #
coedge $-1 -1 -1 $-1 $877 $1195 $1189 $1202 reversed $1058 $-1 #
vertex $-1 -1 -1 $-1 $1060 $1203 #
straight-curve $-1 -1 -1 $-1 0.040000000000000001 0.0070000000000000001 0.016 0 0 -1 I I #
edge $-1 -1 -1 $-1 $1192 -0.010000000000000002 $881 0.010000000000000002 $1061 $1204 forward @7 unknown T 0.019999999999999997 0.0070000000000000001 0 0.040000000000000001 0.0070000000000000001 0 #
point $-1 -1 -1 $-1 0.040000000000000001 0.0070000000000000001 0 #
vertex $-1 -1 -1 $-1 $1060 $1205 #
straight-curve $-1 -1 -1 $-1 0.040000000000000001 -0.0070000000000000001 0.016 0 0 -1 I I #
point $-1 -1 -1 $-1 0.040000000000000001 -0.0070000000000000001 0 #
loop $-1 -1 -1 $-1 $-1 $899 $888 T 0.019999999999999997 -0.01 0 0.040000000000000001 -0.01 0.035000000000000003 unknown #
plane-surface $-1 -1 -1 $-1 0.029999999999999999 -0.01 0.017500000000000002 0 1 0 0 0 1 forward_v I I I I #
coedge $-1 -1 -1 $-1 $1206 $1207 $909 $1086 forward $889 $-1 #
edge $1208 -1 -1 $-1 $893 0.0070000000000000001 $1209 0.01 $904 $1210 forward @7 unknown T 0.019999999999999997 0.0070000000000000001 0 0.019999999999999997 0.01 0 #
point $-1 -1 -1 $-1 0.019999999999999997 0.0070000000000000001 0 #
coedge $-1 -1 -1 $-1 $916 $899 $896 $1076 reversed $1070 $-1 #
edge $-1 -1 -1 $-1 $919 -0.010000000000000002 $902 0.010000000000000002 $1075 $1211 forward @7 unknown T 0.019999999999999997 -0.01 0 0.040000000000000001 -0.01 0 #
coedge $-1 -1 -1 $-1 $904 $898 $1212 $1213 forward $453 $-1 #
coedge $-1 -1 -1 $-1 $1207 $1206 $898 $1079 forward $889 $-1 #
edge $-1 -1 -1 $-1 $1214 -0.01 $1081 0.01 $898 $1215 forward @7 unknown T 0.019999999999999997 -0.01 0.035000000000000003 0.019999999999999997 0.01 0.035000000000000003 #
coedge $-1 -1 -1 $-1 $899 $916 $1207 $1216 reversed $1070 $-1 #
vertex $-1 -1 -1 $-1 $1079 $1217 #
straight-curve $-1 -1 -1 $-1 0.019999999999999997 -0.01 0.017500000000000002 0 0 -1 I I #
point $-1 -1 -1 $-1 0.019999999999999997 -0.01 0 #
loop $-1 -1 -1 $-1 $-1 $910 $905 T 0.019999999999999997 0.01 0 0.040000000000000001 0.01 0.035000000000000003 unknown #
plane-surface $-1 -1 -1 $-1 0.029999999999999999 0.01 0.017500000000000002 0 -1 0 0 0 -1 forward_v I I I I #
edge $-1 -1 -1 $-1 $1093 -0.01 $1089 0.01 $909 $1218 forward @7 unknown T 0.040000000000000001 -0.01 0.035000000000000003 0.040000000000000001 0.01 0.035000000000000003 #
coedge $-1 -1 -1 $-1 $1212 $910 $912 $1091 reversed $1084 $-1 #
coedge $-1 -1 -1 $-1 $910 $1212 $1206 $1219 reversed $1084 $-1 #
vertex $-1 -1 -1 $-1 $1086 $1220 #
straight-curve $-1 -1 -1 $-1 0.040000000000000001 0.01 0.017500000000000002 0 0 -1 I I #
edge $-1 -1 -1 $-1 $1209 -0.010000000000000002 $914 0.010000000000000002 $1087 $1221 forward @7 unknown T 0.019999999999999997 0.01 0 0.040000000000000001 0.01 0 #
point $-1 -1 -1 $-1 0.040000000000000001 0.01 0 #
vertex $-1 -1 -1 $-1 $1086 $1222 #
straight-curve $-1 -1 -1 $-1 0.040000000000000001 -0.01 0.017500000000000002 0 0 -1 I I #
point $-1 -1 -1 $-1 0.040000000000000001 -0.01 0 #
loop $-1 -1 -1 $-1 $-1 $932 $922 T 0.019999999999999997 -0.02 0 0.040000000000000001 -0.02 0.045000000000000005 unknown #
plane-surface $-1 -1 -1 $-1 0.029999999999999999 -0.02 0.022500000000000003 0 1 0 0 0 1 forward_v I I I I #
coedge $-1 -1 -1 $-1 $1223 $1224 $940 $1112 forward $923 $-1 #
edge $-1 -1 -1 $-1 $926 0.01 $1225 0.02 $936 $1226 forward @7 unknown T 0.019999999999999997 0.01 0 0.019999999999999997 0.02 0 #
point $-1 -1 -1 $-1 0.019999999999999997 0.01 0 #
coedge $-1 -1 -1 $-1 $946 $932 $929 $1102 reversed $1096 $-1 #
edge $-1 -1 -1 $-1 $948 -0.01 $934 0.01 $1101 $1227 forward @7 unknown T 0.019999999999999997 -0.02 0 0.040000000000000001 -0.02 0 #
coedge $-1 -1 -1 $-1 $936 $931 $1228 $1229 forward $480 $-1 #
coedge $-1 -1 -1 $-1 $1224 $1223 $931 $1105 forward $923 $-1 #
edge $1230 -1 -1 $-1 $1231 -0.02 $1107 0.02 $931 $1232 forward @7 unknown T 0.019999999999999997 -0.02 0.045000000000000005 0.019999999999999997 0.02 0.045000000000000005 #
coedge $-1 -1 -1 $-1 $932 $946 $1224 $1233 reversed $1096 $-1 #
vertex $-1 -1 -1 $-1 $1105 $1234 #
straight-curve $-1 -1 -1 $-1 0.019999999999999997 -0.02 0.022500000000000003 0 0 -1 I I #
point $-1 -1 -1 $-1 0.019999999999999997 -0.02 0 #
loop $-1 -1 -1 $-1 $-1 $941 $937 T 0.019999999999999997 0.02 0 0.040000000000000001 0.02 0.045000000000000005 unknown #
plane-surface $-1 -1 -1 $-1 0.029999999999999999 0.02 0.022500000000000003 0 -1 0 0 0 -1 forward_v I I I I #
edge $1235 -1 -1 $-1 $1119 -0.02 $1115 0.02 $940 $1236 forward @7 unknown T 0.040000000000000001 -0.02 0.045000000000000005 0.040000000000000001 0.02 0.045000000000000005 #
coedge $-1 -1 -1 $-1 $1228 $941 $943 $1117 reversed $1110 $-1 #
coedge $-1 -1 -1 $-1 $941 $1228 $1223 $1237 reversed $1110 $-1 #
vertex $-1 -1 -1 $-1 $1112 $1238 #
straight-curve $-1 -1 -1 $-1 0.040000000000000001 0.02 0.022500000000000003 0 0 -1 I I #
edge $-1 -1 -1 $-1 $1225 -0.01 $944 0.01 $1113 $1239 forward @7 unknown T 0.019999999999999997 0.02 0 0.040000000000000001 0.02 0 #
point $-1 -1 -1 $-1 0.040000000000000001 0.02 0 #
vertex $-1 -1 -1 $-1 $1112 $1240 #
straight-curve $-1 -1 -1 $-1 0.040000000000000001 -0.02 0.022500000000000003 0 0 -1 I I #
point $-1 -1 -1 $-1 0.040000000000000001 -0.02 0 #
loop $-1 -1 -1 $-1 $-1 $1138 $958 T 0.040000000000000001 -0.0050000000000000001 0 0.059999999999999998 0.0050000000000000001 0 unknown #
coedge $-1 -1 -1 $-1 $1241 $1242 $1243 $1244 reversed $959 $-1 #
coedge $-1 -1 -1 $-1 $986 $960 $982 $1147 forward $755 $-1 #
vertex $-1 -1 -1 $-1 $1147 $1245 #
straight-curve $-1 -1 -1 $-1 0.029999999999999999 0.0060000000000000001 0 -1 0 0 I I #
straight-curve $-1 -1 -1 $-1 0.019999999999999997 0 0 0 -1 0 I I #
coedge $-1 -1 -1 $-1 $1246 $964 $1242 $1247 reversed $99 $-1 #
coedge $-1 -1 -1 $-1 $974 $973 $964 $1130 forward $975 $-1 #
edge $-1 -1 -1 $-1 $1248 0.0050000000000000001 $1131 0.0060000000000000001 $1129 $1249 forward @7 unknown T 0.019999999999999997 -0.0060000000000000001 0 0.019999999999999997 -0.0050000000000000001 0 #
vertex $-1 -1 -1 $-1 $978 $1250 #
straight-curve $-1 -1 -1 $-1 0.019999999999999997 0 0 0 -1 0 I I #
point $-1 -1 -1 $-1 0.019999999999999997 -0.0070000000000000001 0 #
coedge $-1 -1 -1 $-1 $970 $1246 $1251 $1252 forward $99 $-1 #
coedge $-1 -1 -1 $-1 $1253 $1254 $970 $1136 reversed $1255 $-1 #
edge $-1 -1 -1 $-1 $1256 -0.050000000000000003 $1139 -0.0050000000000000001 $1135 $1257 forward @7 unknown T 0.059999999999999998 -0.050000000000000003 0 0.059999999999999998 -0.0050000000000000001 0 #
coedge $-1 -1 -1 $-1 $984 $971 $1254 $1258 forward $1122 $-1 #
coedge $-1 -1 -1 $-1 $971 $984 $1259 $1260 reversed $1122 $-1 #
vertex $-1 -1 -1 $-1 $1258 $1261 #
straight-curve $-1 -1 -1 $-1 0.029999999999999999 -0.0050000000000000001 0 1 0 0 I I #
coedge $-1 -1 -1 $-1 $1259 $1243 $973 $1142 forward $1262 $-1 #
edge $-1 -1 -1 $-1 $1248 -0.010000000000000002 $976 0.010000000000000002 $1141 $1140 forward @7 unknown T 0.019999999999999997 -0.0050000000000000001 0 0.040000000000000001 -0.0050000000000000001 0 #
face $-1 -1 -1 $-1 $1263 $975 $35 $-1 $69 forward single F T -0.010000000000000002 0.010000000000000002 -0.0060000000000000001 -0.0050000000000000001 #
point $-1 -1 -1 $-1 0.040000000000000001 -0.0050000000000000001 0 #
straight-curve $-1 -1 -1 $-1 0.029999999999999999 -0.0060000000000000001 0 1 0 0 I I #
coedge $-1 -1 -1 $-1 $982 $1264 $1241 $1265 reversed $204 $-1 #
edge $-1 -1 -1 $-1 $1125 -0.0060000000000000001 $1266 -0.0050000000000000001 $1124 $1267 forward @7 unknown T 0.019999999999999997 0.0050000000000000001 0 0.019999999999999997 0.0060000000000000001 0 #
coedge $-1 -1 -1 $-1 $1264 $983 $1268 $1269 forward $204 $-1 #
coedge $-1 -1 -1 $-1 $1254 $1270 $983 $1150 reversed $1255 $-1 #
edge $-1 -1 -1 $-1 $1151 0.0050000000000000001 $1271 0.050000000000000003 $1149 $1257 forward @7 unknown T 0.059999999999999998 0.0050000000000000001 0 0.059999999999999998 0.050000000000000003 0 #
vertex $-1 -1 -1 $-1 $1150 $1272 #
straight-curve $-1 -1 -1 $-1 0.029999999999999999 0.0050000000000000001 0 -1 0 0 I I #
coedge $-1 -1 -1 $-1 $1243 $1259 $986 $1154 forward $1262 $-1 #
edge $-1 -1 -1 $-1 $987 -0.010000000000000002 $1266 0.010000000000000002 $1153 $1152 forward @7 unknown T 0.019999999999999997 0.0050000000000000001 0 0.040000000000000001 0.0050000000000000001 0 #
point $-1 -1 -1 $-1 0.040000000000000001 0.0050000000000000001 0 #
face $-1 -1 -1 $-1 $1273 $1274 $35 $-1 $1275 reversed single F F #
loop $-1 -1 -1 $-1 $-1 $1276 $990 T 0 -0.050000000000000003 -0.050000000000000003 0 0.050000000000000003 0 unknown #
plane-surface $-1 -1 -1 $-1 0 0 -0.025000000000000001 1 0 0 0 0 -1 forward_v I I I I #
coedge $-1 -1 -1 $-1 $1277 $1251 $1278 $1279 forward $991 $-1 #
coedge $-1 -1 -1 $-1 $1280 $993 $1277 $1281 forward $786 $-1 #
coedge $-1 -1 -1 $-1 $993 $1280 $1282 $1283 forward $786 $-1 #
coedge $-1 -1 -1 $-1 $1270 $1253 $993 $1163 reversed $1255 $-1 #
edge $-1 -1 -1 $-1 $1284 -0.050000000000000003 $1285 0.050000000000000003 $1162 $1286 forward @7 unknown T 0.059999999999999998 -0.050000000000000003 -0.050000000000000003 0.059999999999999998 0.050000000000000003 -0.050000000000000003 #
vertex $-1 -1 -1 $-1 $1015 $1287 #
straight-curve $-1 -1 -1 $-1 0.019999999999999997 0.0050000000000000001 0.01525 -0 0 1 I I #
point $-1 -1 -1 $-1 0.040000000000000001 0.0050000000000000001 0 #
edge $1288 -1 -1 $-1 $1002 -0.014999999999999999 $1011 0.014999999999999999 $1001 $1289 forward @7 unknown T 0 0.0050000000000000001 0 0 0.0050000000000000001 0.029999999999999999 #
point $-1 -1 -1 $-1 0 0.0050000000000000001 0.029999999999999999 #
no_merge_attribute-st-attrib $-1 -1 $-1 $-1 $1004 1 1 1 1 1 1 1 1 1 1 1 1 1 1 0 1 1 1 #
straight-curve $-1 -1 -1 $-1 0.059999999999999998 0.0050000000000000001 0.014999999999999999 0 0 -1 I I #
point $-1 -1 -1 $-1 0 0.0050000000000000001 0 #
loop $-1 -1 -1 $-1 $-1 $1290 $1018 T 0.019999999999999997 0.0060000000000000001 0 0.040000000000000001 0.0060000000000000001 0.031 unknown #
plane-surface $-1 -1 -1 $-1 0.029999999999999999 0.0060000000000000001 0.0155 0 -1 0 0 0 -1 forward_v I I I I #
edge $-1 -1 -1 $-1 $1184 -0.0060000000000000001 $1291 0.0060000000000000001 $1032 $1292 forward @7 unknown T 0.040000000000000001 -0.0060000000000000001 0.031 0.040000000000000001 0.0060000000000000001 0.031 #
coedge $-1 -1 -1 $-1 $1290 $1021 $1039 $1186 reversed $1172 $-1 #
coedge $-1 -1 -1 $-1 $1021 $1290 $1023 $1178 reversed $1172 $-1 #
straight-curve $-1 -1 -1 $-1 0.019999999999999997 0.0060000000000000001 0.0155 0 0 -1 I I #
edge $-1 -1 -1 $-1 $1025 -0.010000000000000002 $1182 0.010000000000000002 $1176 $1293 forward @7 unknown T 0.019999999999999997 0.0060000000000000001 0 0.040000000000000001 0.0060000000000000001 0 #
point $-1 -1 -1 $-1 0.019999999999999997 0.0060000000000000001 0 #
coedge $-1 -1 -1 $-1 $1032 $1027 $1290 $1294 reversed $626 $-1 #
name_attrib-gen-attrib $-1 -1 $-1 $-1 $1030 2 3 2 1 1 1 1 1 1 1 1 1 1 1 0 1 1 1 @24 convexity_check_required #
vertex $-1 -1 -1 $-1 $1030 $1295 #
straight-curve $-1 -1 -1 $-1 0.040000000000000001 0 0 0 -1 0 I I #
vertex $-1 -1 -1 $-1 $1174 $1296 #
straight-curve $-1 -1 -1 $-1 0.040000000000000001 -0.0060000000000000001 0.0155 0 0 -1 I I #
edge $-1 -1 -1 $-1 $1291 -0.010000000000000002 $1040 0.010000000000000002 $1175 $1297 forward @7 unknown T 0.019999999999999997 0.0060000000000000001 0.031 0.040000000000000001 0.0060000000000000001 0.031 #
point $-1 -1 -1 $-1 0.019999999999999997 0.0060000000000000001 0.031 #
straight-curve $-1 -1 -1 $-1 0.029999999999999999 -0.0060000000000000001 0.031 1 0 0 I I #
coedge $-1 -1 -1 $-1 $1052 $1046 $1062 $1202 forward $856 $-1 #
coedge $-1 -1 -1 $-1 $1046 $1052 $1054 $1199 forward $856 $-1 #
name_attrib-gen-attrib $-1 -1 $-1 $-1 $1047 2 3 2 1 1 1 1 1 1 1 1 1 1 1 0 1 1 1 @24 convexity_check_required #
vertex $-1 -1 -1 $-1 $1065 $1298 #
straight-curve $-1 -1 -1 $-1 0.019999999999999997 0 0 0 1 0 I I #
straight-curve $-1 -1 -1 $-1 0.029999999999999999 -0.0070000000000000001 0 -1 0 0 I I #
coedge $-1 -1 -1 $-1 $1062 $1061 $1051 $1196 reversed $1058 $-1 #
edge $-1 -1 -1 $-1 $1197 -0.016 $1192 0.016 $1195 $1299 forward @7 unknown T 0.019999999999999997 0.0070000000000000001 0 0.019999999999999997 0.0070000000000000001 0.032000000000000001 #
vertex $-1 -1 -1 $-1 $1202 $1300 #
straight-curve $-1 -1 -1 $-1 0.019999999999999997 0 0.032000000000000001 0 -1 0 I I #
edge $-1 -1 -1 $-1 $1055 -0.010000000000000002 $1067 0.010000000000000002 $1054 $1301 forward @7 unknown T 0.019999999999999997 -0.0070000000000000001 0.032000000000000001 0.040000000000000001 -0.0070000000000000001 0.032000000000000001 #
point $-1 -1 -1 $-1 0.019999999999999997 -0.0070000000000000001 0.032000000000000001 #
straight-curve $-1 -1 -1 $-1 0.040000000000000001 0 0.032000000000000001 0 1 0 I I #
edge $-1 -1 -1 $-1 $1063 -0.010000000000000002 $1197 0.010000000000000002 $1062 $1302 forward @7 unknown T 0.019999999999999997 0.0070000000000000001 0.032000000000000001 0.040000000000000001 0.0070000000000000001 0.032000000000000001 #
point $-1 -1 -1 $-1 0.040000000000000001 0.0070000000000000001 0.032000000000000001 #
straight-curve $-1 -1 -1 $-1 0.029999999999999999 0.0070000000000000001 0 1 0 0 I I #
point $-1 -1 -1 $-1 0.040000000000000001 -0.0070000000000000001 0.032000000000000001 #
coedge $-1 -1 -1 $-1 $1078 $1072 $1088 $1219 forward $889 $-1 #
coedge $-1 -1 -1 $-1 $1072 $1078 $1080 $1216 forward $889 $-1 #
name_attrib-gen-attrib $-1 -1 $-1 $-1 $1073 2 3 2 1 1 1 1 1 1 1 1 1 1 1 0 1 1 1 @24 convexity_check_required #
vertex $-1 -1 -1 $-1 $1091 $1303 #
straight-curve $-1 -1 -1 $-1 0.019999999999999997 0 0 0 1 0 I I #
straight-curve $-1 -1 -1 $-1 0.029999999999999999 -0.01 0 -1 0 0 I I #
coedge $-1 -1 -1 $-1 $1088 $1087 $1077 $1213 reversed $1084 $-1 #
edge $-1 -1 -1 $-1 $1214 -0.017500000000000002 $1209 0.017500000000000002 $1212 $1304 forward @7 unknown T 0.019999999999999997 0.01 0 0.019999999999999997 0.01 0.035000000000000003 #
vertex $-1 -1 -1 $-1 $1219 $1305 #
straight-curve $-1 -1 -1 $-1 0.019999999999999997 0 0.035000000000000003 0 -1 0 I I #
edge $-1 -1 -1 $-1 $1081 -0.010000000000000002 $1093 0.010000000000000002 $1080 $1306 forward @7 unknown T 0.019999999999999997 -0.01 0.035000000000000003 0.040000000000000001 -0.01 0.035000000000000003 #
point $-1 -1 -1 $-1 0.019999999999999997 -0.01 0.035000000000000003 #
straight-curve $-1 -1 -1 $-1 0.040000000000000001 0 0.035000000000000003 0 1 0 I I #
edge $-1 -1 -1 $-1 $1089 -0.010000000000000002 $1214 0.010000000000000002 $1088 $1307 forward @7 unknown T 0.019999999999999997 0.01 0.035000000000000003 0.040000000000000001 0.01 0.035000000000000003 #
point $-1 -1 -1 $-1 0.040000000000000001 0.01 0.035000000000000003 #
straight-curve $-1 -1 -1 $-1 0.029999999999999999 0.01 0 1 0 0 I I #
point $-1 -1 -1 $-1 0.040000000000000001 -0.01 0.035000000000000003 #
coedge $-1 -1 -1 $-1 $1104 $1098 $1114 $1237 forward $923 $-1 #
coedge $-1 -1 -1 $-1 $1098 $1104 $1106 $1233 forward $923 $-1 #
vertex $-1 -1 -1 $-1 $1117 $1308 #
straight-curve $-1 -1 -1 $-1 0.019999999999999997 0 0 0 1 0 I I #
straight-curve $-1 -1 -1 $-1 0.029999999999999999 -0.02 0 -1 0 0 I I #
coedge $-1 -1 -1 $-1 $1114 $1113 $1103 $1229 reversed $1110 $-1 #
edge $-1 -1 -1 $-1 $1231 -0.022500000000000003 $1225 0.022500000000000003 $1228 $1309 forward @7 unknown T 0.019999999999999997 0.02 0 0.019999999999999997 0.02 0.045000000000000005 #
no_merge_attribute-st-attrib $-1 -1 $-1 $-1 $1105 1 1 1 1 1 1 1 1 1 1 1 1 1 1 0 1 1 1 #
vertex $-1 -1 -1 $-1 $1237 $1310 #
straight-curve $-1 -1 -1 $-1 0.019999999999999997 0 0.045000000000000005 0 -1 0 I I #
edge $1311 -1 -1 $-1 $1107 -0.01 $1119 0.01 $1106 $1312 forward @7 unknown T 0.019999999999999997 -0.02 0.045000000000000005 0.040000000000000001 -0.02 0.045000000000000005 #
point $-1 -1 -1 $-1 0.019999999999999997 -0.02 0.045000000000000005 #
no_merge_attribute-st-attrib $-1 -1 $-1 $-1 $1112 1 1 1 1 1 1 1 1 1 1 1 1 1 1 0 1 1 1 #
straight-curve $-1 -1 -1 $-1 0.040000000000000001 0 0.045000000000000005 0 1 0 I I #
edge $1313 -1 -1 $-1 $1115 -0.01 $1231 0.01 $1114 $1314 forward @7 unknown T 0.019999999999999997 0.02 0.045000000000000005 0.040000000000000001 0.02 0.045000000000000005 #
point $-1 -1 -1 $-1 0.040000000000000001 0.02 0.045000000000000005 #
straight-curve $-1 -1 -1 $-1 0.029999999999999999 0.02 0 1 0 0 I I #
point $-1 -1 -1 $-1 0.040000000000000001 -0.02 0.045000000000000005 #
coedge $-1 -1 -1 $-1 $1315 $1123 $1146 $1265 forward $959 $-1 #
coedge $-1 -1 -1 $-1 $1123 $1315 $1128 $1247 forward $959 $-1 #
coedge $-1 -1 -1 $-1 $1141 $1153 $1123 $1244 forward $1262 $-1 #
edge $-1 -1 -1 $-1 $1266 -0.0050000000000000001 $1248 0.0050000000000000001 $1243 $1316 forward @7 unknown T 0.019999999999999997 -0.0050000000000000001 0 0.019999999999999997 0.0050000000000000001 0 #
point $-1 -1 -1 $-1 0.019999999999999997 0.0060000000000000001 0 #
coedge $-1 -1 -1 $-1 $1134 $1128 $1317 $1318 forward $99 $-1 #
edge $-1 -1 -1 $-1 $1319 -0.029999999999999999 $1248 -0.010000000000000002 $1242 $1140 forward @7 unknown T 0 -0.0050000000000000001 0 0.019999999999999997 -0.0050000000000000001 0 #
vertex $-1 -1 -1 $-1 $1142 $1320 #
straight-curve $-1 -1 -1 $-1 0.019999999999999997 0 0 0 -1 0 I I #
point $-1 -1 -1 $-1 0.019999999999999997 -0.0060000000000000001 0 #
coedge $-1 -1 -1 $-1 $1159 $1321 $1134 $1252 reversed $991 $-1 #
edge $-1 -1 -1 $-1 $1322 -0.029999999999999999 $1256 0.029999999999999999 $1251 $1323 forward @7 unknown T 0 -0.050000000000000003 0 0.059999999999999998 -0.050000000000000003 0 #
coedge $-1 -1 -1 $-1 $1162 $1135 $1321 $1324 forward $1255 $-1 #
coedge $-1 -1 -1 $-1 $1135 $1149 $1137 $1258 reversed $1255 $-1 #
loop $-1 -1 -1 $-1 $-1 $1253 $1273 T 0.059999999999999998 -0.050000000000000003 -0.050000000000000003 0.059999999999999998 0.050000000000000003 0 unknown #
vertex $-1 -1 -1 $-1 $1136 $1325 #
straight-curve $-1 -1 -1 $-1 0.059999999999999998 0 0 0 1 0 I I #
edge $-1 -1 -1 $-1 $1139 -0.0050000000000000001 $1151 0.0050000000000000001 $1254 $1257 forward @7 unknown T 0.059999999999999998 -0.0050000000000000001 0 0.059999999999999998 0.0050000000000000001 0 #
coedge $-1 -1 -1 $-1 $1153 $1141 $1138 $1260 forward $1262 $-1 #
edge $-1 -1 -1 $-1 $976 -0.0050000000000000001 $987 0.0050000000000000001 $1259 $1326 forward @7 unknown T 0.040000000000000001 -0.0050000000000000001 0 0.040000000000000001 0.0050000000000000001 0 #
point $-1 -1 -1 $-1 0.059999999999999998 -0.0050000000000000001 0 #
loop $-1 -1 -1 $-1 $-1 $1259 $1263 T 0.019999999999999997 -0.0050000000000000001 0 0.040000000000000001 0.0050000000000000001 0 unknown #
face $-1 -1 -1 $-1 $356 $1262 $35 $-1 $69 forward single F T -0.010000000000000002 0.010000000000000002 -0.0050000000000000001 0.0050000000000000001 #
coedge $-1 -1 -1 $-1 $1146 $1148 $1327 $1328 forward $204 $-1 #
edge $-1 -1 -1 $-1 $1266 0.010000000000000002 $1329 0.029999999999999999 $1241 $1152 forward @7 unknown T 0 0.0050000000000000001 0 0.019999999999999997 0.0050000000000000001 0 #
vertex $-1 -1 -1 $-1 $1265 $1330 #
straight-curve $-1 -1 -1 $-1 0.019999999999999997 0 0 0 -1 0 I I #
coedge $-1 -1 -1 $-1 $1331 $1332 $1148 $1269 reversed $1274 $-1 #
edge $-1 -1 -1 $-1 $1271 -0.029999999999999999 $1333 0.029999999999999999 $1268 $1334 forward @7 unknown T 0 0.050000000000000003 0 0.059999999999999998 0.050000000000000003 0 #
coedge $-1 -1 -1 $-1 $1149 $1162 $1331 $1335 reversed $1255 $-1 #
vertex $-1 -1 -1 $-1 $1150 $1336 #
point $-1 -1 -1 $-1 0.059999999999999998 0.0050000000000000001 0 #
face $-1 -1 -1 $-1 $-1 $1255 $35 $-1 $1337 reversed single F F #
loop $-1 -1 -1 $-1 $-1 $1331 $1156 T 0 0.050000000000000003 -0.050000000000000003 0.059999999999999998 0.050000000000000003 0 unknown #
plane-surface $-1 -1 -1 $-1 0.029999999999999999 0.050000000000000003 -0.025000000000000001 0 -1 0 0 0 -1 forward_v I I I I #
coedge $-1 -1 -1 $-1 $1338 $1327 $1332 $1339 forward $1157 $-1 #
coedge $-1 -1 -1 $-1 $1321 $1159 $1160 $1281 reversed $991 $-1 #
coedge $-1 -1 -1 $-1 $1317 $1338 $1159 $1279 reversed $1157 $-1 #
edge $-1 -1 -1 $-1 $1322 -0.025000000000000001 $1340 0.025000000000000001 $1278 $1341 forward @7 unknown T 0 -0.050000000000000003 -0.050000000000000003 0 -0.050000000000000003 0 #
coedge $-1 -1 -1 $-1 $1161 $1160 $1338 $1342 forward $786 $-1 #
edge $-1 -1 -1 $-1 $1285 -0.029999999999999999 $1340 0.029999999999999999 $1277 $1343 forward @7 unknown T 0 -0.050000000000000003 -0.050000000000000003 0.059999999999999998 -0.050000000000000003 -0.050000000000000003 #
coedge $-1 -1 -1 $-1 $1332 $1331 $1161 $1283 reversed $1274 $-1 #
edge $-1 -1 -1 $-1 $1344 -0.029999999999999999 $1284 0.029999999999999999 $1282 $1345 forward @7 unknown T 0 0.050000000000000003 -0.050000000000000003 0.059999999999999998 0.050000000000000003 -0.050000000000000003 #
vertex $-1 -1 -1 $-1 $1163 $1346 #
vertex $-1 -1 -1 $-1 $1324 $1347 #
straight-curve $-1 -1 -1 $-1 0.059999999999999998 0 -0.050000000000000003 0 -1 0 I I #
point $-1 -1 -1 $-1 0.019999999999999997 0.0050000000000000001 0 #
no_merge_attribute-st-attrib $-1 -1 $-1 $-1 $1167 1 1 1 1 1 1 1 1 1 1 1 1 1 1 0 1 1 1 #
straight-curve $-1 -1 -1 $-1 0 0.0050000000000000001 0.014999999999999999 0 0 -1 I I #
coedge $-1 -1 -1 $-1 $1176 $1175 $1180 $1294 forward $1172 $-1 #
vertex $-1 -1 -1 $-1 $1174 $1348 #
straight-curve $-1 -1 -1 $-1 0.040000000000000001 0 0.031 0 1 0 I I #
straight-curve $-1 -1 -1 $-1 0.029999999999999999 0.0060000000000000001 0 1 0 0 I I #
edge $-1 -1 -1 $-1 $1291 -0.0155 $1182 0.0155 $1180 $1349 forward @7 unknown T 0.040000000000000001 0.0060000000000000001 0 0.040000000000000001 0.0060000000000000001 0.031 #
point $-1 -1 -1 $-1 0.040000000000000001 0.0060000000000000001 0 #
point $-1 -1 -1 $-1 0.040000000000000001 -0.0060000000000000001 0.031 #
straight-curve $-1 -1 -1 $-1 0.029999999999999999 0.0060000000000000001 0.031 -1 0 0 I I #
point $-1 -1 -1 $-1 0.019999999999999997 0.0070000000000000001 0 #
straight-curve $-1 -1 -1 $-1 0.019999999999999997 0.0070000000000000001 0.016 0 0 -1 I I #
point $-1 -1 -1 $-1 0.019999999999999997 0.0070000000000000001 0.032000000000000001 #
straight-curve $-1 -1 -1 $-1 0.029999999999999999 -0.0070000000000000001 0.032000000000000001 1 0 0 I I #
straight-curve $-1 -1 -1 $-1 0.029999999999999999 0.0070000000000000001 0.032000000000000001 -1 0 0 I I #
point $-1 -1 -1 $-1 0.019999999999999997 0.01 0 #
straight-curve $-1 -1 -1 $-1 0.019999999999999997 0.01 0.017500000000000002 0 0 -1 I I #
point $-1 -1 -1 $-1 0.019999999999999997 0.01 0.035000000000000003 #
straight-curve $-1 -1 -1 $-1 0.029999999999999999 -0.01 0.035000000000000003 1 0 0 I I #
straight-curve $-1 -1 -1 $-1 0.029999999999999999 0.01 0.035000000000000003 -1 0 0 I I #
point $-1 -1 -1 $-1 0.019999999999999997 0.02 0 #
straight-curve $-1 -1 -1 $-1 0.019999999999999997 0.02 0.022500000000000003 0 0 -1 I I #
point $-1 -1 -1 $-1 0.019999999999999997 0.02 0.045000000000000005 #
no_merge_attribute-st-attrib $-1 -1 $-1 $-1 $1233 1 1 1 1 1 1 1 1 1 1 1 1 1 1 0 1 1 1 #
straight-curve $-1 -1 -1 $-1 0.029999999999999999 -0.02 0.045000000000000005 1 0 0 I I #
no_merge_attribute-st-attrib $-1 -1 $-1 $-1 $1237 1 1 1 1 1 1 1 1 1 1 1 1 1 1 0 1 1 1 #
straight-curve $-1 -1 -1 $-1 0.029999999999999999 0.02 0.045000000000000005 -1 0 0 I I #
coedge $-1 -1 -1 $-1 $1242 $1241 $1350 $1351 forward $959 $-1 #
straight-curve $-1 -1 -1 $-1 0.019999999999999997 0 0 0 -1 0 I I #
coedge $-1 -1 -1 $-1 $1350 $1278 $1246 $1318 reversed $1157 $-1 #
edge $-1 -1 -1 $-1 $1319 0.0050000000000000001 $1322 0.050000000000000003 $1317 $1352 forward @7 unknown T 0 -0.050000000000000003 0 0 -0.0050000000000000001 0 #
vertex $-1 -1 -1 $-1 $1318 $1353 #
point $-1 -1 -1 $-1 0.019999999999999997 -0.0050000000000000001 0 #
coedge $-1 -1 -1 $-1 $1251 $1277 $1253 $1324 reversed $991 $-1 #
vertex $-1 -1 -1 $-1 $1318 $1354 #
straight-curve $-1 -1 -1 $-1 0.029999999999999999 -0.050000000000000003 0 1 0 0 I I #
edge $-1 -1 -1 $-1 $1256 -0.025000000000000001 $1285 0.025000000000000001 $1253 $1355 forward @7 unknown T 0.059999999999999998 -0.050000000000000003 -0.050000000000000003 0.059999999999999998 -0.050000000000000003 0 #
point $-1 -1 -1 $-1 0.059999999999999998 -0.050000000000000003 0 #
straight-curve $-1 -1 -1 $-1 0.040000000000000001 0 0 0 1 -0 I I #
coedge $-1 -1 -1 $-1 $1276 $1350 $1264 $1328 reversed $1157 $-1 #
edge $-1 -1 -1 $-1 $1333 -0.050000000000000003 $1329 -0.0050000000000000001 $1327 $1352 forward @7 unknown T 0 0.0050000000000000001 0 0 0.050000000000000003 0 #
vertex $-1 -1 -1 $-1 $1351 $1356 #
point $-1 -1 -1 $-1 0.019999999999999997 0.0050000000000000001 0 #
coedge $-1 -1 -1 $-1 $1282 $1268 $1270 $1335 forward $1274 $-1 #
coedge $-1 -1 -1 $-1 $1268 $1282 $1276 $1339 reversed $1274 $-1 #
vertex $-1 -1 -1 $-1 $1269 $1357 #
straight-curve $-1 -1 -1 $-1 0.029999999999999999 0.050000000000000003 0 -1 0 0 I I #
edge $-1 -1 -1 $-1 $1271 -0.025000000000000001 $1284 0.025000000000000001 $1270 $1358 forward @7 unknown T 0.059999999999999998 0.050000000000000003 -0.050000000000000003 0.059999999999999998 0.050000000000000003 0 #
point $-1 -1 -1 $-1 0.059999999999999998 0.050000000000000003 0 #
plane-surface $-1 -1 -1 $-1 0.059999999999999998 0 -0.025000000000000001 -1 0 0 0 0 1 forward_v I I I I #
coedge $-1 -1 -1 $-1 $1278 $1276 $1280 $1342 reversed $1157 $-1 #
edge $-1 -1 -1 $-1 $1333 -0.025000000000000001 $1344 0.025000000000000001 $1332 $1359 forward @7 unknown T 0 0.050000000000000003 -0.050000000000000003 0 0.050000000000000003 0 #
vertex $-1 -1 -1 $-1 $1342 $1360 #
straight-curve $-1 -1 -1 $-1 0 -0.050000000000000003 -0.025000000000000001 0 0 -1 I I #
edge $-1 -1 -1 $-1 $1340 -0.050000000000000003 $1344 0.050000000000000003 $1338 $1361 forward @7 unknown T 0 -0.050000000000000003 -0.050000000000000003 0 0.050000000000000003 -0.050000000000000003 #
straight-curve $-1 -1 -1 $-1 0.029999999999999999 -0.050000000000000003 -0.050000000000000003 -1 0 0 I I #
vertex $-1 -1 -1 $-1 $1283 $1362 #
straight-curve $-1 -1 -1 $-1 0.029999999999999999 0.050000000000000003 -0.050000000000000003 1 0 0 I I #
point $-1 -1 -1 $-1 0.059999999999999998 0.050000000000000003 -0.050000000000000003 #
point $-1 -1 -1 $-1 0.059999999999999998 -0.050000000000000003 -0.050000000000000003 #
point $-1 -1 -1 $-1 0.040000000000000001 0.0060000000000000001 0.031 #
straight-curve $-1 -1 -1 $-1 0.040000000000000001 0.0060000000000000001 0.0155 0 0 -1 I I #
coedge $-1 -1 -1 $-1 $1327 $1317 $1315 $1351 reversed $1157 $-1 #
edge $-1 -1 -1 $-1 $1329 -0.0050000000000000001 $1319 0.0050000000000000001 $1350 $1352 forward @7 unknown T 0 -0.0050000000000000001 0 0 0.0050000000000000001 0 #
straight-curve $-1 -1 -1 $-1 0 0 0 0 -1 0 I I #
point $-1 -1 -1 $-1 0 -0.0050000000000000001 0 #
point $-1 -1 -1 $-1 0 -0.050000000000000003 0 #
straight-curve $-1 -1 -1 $-1 0.059999999999999998 -0.050000000000000003 -0.025000000000000001 0 0 -1 I I #
point $-1 -1 -1 $-1 0 0.0050000000000000001 0 #
point $-1 -1 -1 $-1 0 0.050000000000000003 0 #
straight-curve $-1 -1 -1 $-1 0.059999999999999998 0.050000000000000003 -0.025000000000000001 0 0 -1 I I #
straight-curve $-1 -1 -1 $-1 0 0.050000000000000003 -0.025000000000000001 0 0 -1 I I #
point $-1 -1 -1 $-1 0 -0.050000000000000003 -0.050000000000000003 #
straight-curve $-1 -1 -1 $-1 0 0 -0.050000000000000003 0 1 0 I I #
point $-1 -1 -1 $-1 0 0.050000000000000003 -0.050000000000000003 #
End-of-ACIS-data 